r_r_lPFC,Time
-0.074281805,0.111770835
0.012537172,0.504983977
0.103278485,0.898197118
0.194565107,1.291410259
0.260183597,1.6846234
0.319902559,2.077836541
0.377719003,2.471049682
0.434926807,2.864262824
0.490340221,3.257475965
0.541809117,3.650689106
0.585206857,4.043902247
0.615014591,4.437115388
0.632481174,4.83032853
0.648153538,5.223541671
0.678497836,5.616754812
0.728630387,6.009967953
0.791284774,6.403181094
0.858809352,6.796394235
0.922387759,7.189607377
0.969428566,7.582820518
0.989932712,7.976033659
0.989227776,8.3692468
0.982660436,8.762459941
0.977178514,9.155673083
0.971453618,9.548886224
0.965243732,9.942099365
0.959298809,10.33531251
0.954486471,10.72852565
0.95189497,11.12173879
0.953724126,11.51495193
0.963035025,11.90816507
0.979979293,12.30137821
0.999381616,12.69459135
1.005930723,13.08780449
0.984269193,13.48101764
0.931120161,13.87423078
0.862432404,14.26744392
0.794499279,14.66065706
0.734915888,15.0538702
0.68655183,15.44708334
0.649946976,15.84029648
0.624141358,16.23350962
0.60697704,16.62672277
0.596104558,17.01993591
0.594540172,17.41314905
0.610589616,17.80636219
0.641532871,18.19957533
0.685961666,18.59278847
0.740544864,18.98600161
0.786923262,19.37921475
0.807035685,19.77242789
0.784939877,20.16564104
0.704856116,20.55885418
0.572413792,20.95206732
0.415175387,21.34528046
0.26412743,21.7384936
0.144800476,22.13170674
0.063517229,22.52491988
0.017587308,22.91813302
0.005176219,23.31134617
0.024931021,23.70455931
0.075275306,24.09777245
0.154529771,24.49098559
0.261656033,24.88419873
0.396647727,25.27741187
0.554006576,25.67062501
0.713869556,26.06383815
0.860035626,26.45705129
0.974776363,26.85026444
1.035727311,27.24347758
1.034374437,27.63669072
0.971773284,28.02990386
0.858195107,28.423117
0.714944626,28.81633014
0.556073188,29.20954328
0.384470264,29.60275642
0.203155111,29.99596957
0.015488627,30.38918271
-0.179600863,30.78239585
-0.388805348,31.17560899
-0.600643261,31.56882213
-0.774526833,31.96203527
-0.882986819,32.35524841
-0.91957583,32.74846155
-0.886215645,33.14167469
-0.789232368,33.53488784
-0.643911918,33.92810098
-0.470760631,34.32131412
-0.285784783,34.71452726
-0.096103697,35.1077404
0.094456166,35.50095354
0.27951893,35.89416668
0.45288314,36.28737982
0.609467598,36.68059297
0.744638379,37.07380611
0.853494375,37.46701925
0.930619682,37.86023239
0.970768741,38.25344553
0.971927632,38.64665867
0.944109201,39.03987181
0.919766187,39.43308495
0.928486436,39.82629809
0.961003495,40.21951124
0.993013931,40.61272438
0.995774487,41.00593752
0.964030379,41.39915066
0.912254117,41.7923638
0.847300322,42.18557694
0.78030355,42.57879008
0.72546929,42.97200322
0.68735185,43.36521637
0.662787113,43.75842951
0.649924743,44.15164265
0.648618019,44.54485579
0.659639497,44.93806893
0.684614306,45.33128207
0.725899086,45.72449521
0.783990509,46.11770835
0.849601866,46.51092149
0.906397051,46.90413464
0.953781448,47.29734778
0.993780398,47.69056092
1.013945992,48.08377406
0.989423559,48.4769872
0.906686216,48.87020034
0.787291648,49.26341348
0.652604218,49.65662662
0.501570158,50.04983977
0.335182466,50.44305291
0.157238793,50.83626605
-0.027966536,51.22947919
-0.217569066,51.62269233
-0.408006527,52.01590547
-0.582398323,52.40911861
-0.714910735,52.80233175
-0.794566039,53.1955449
-0.835928277,53.58875804
-0.856370917,53.98197118
-0.868344989,54.37518432
-0.873399702,54.76839746
-0.859016722,55.1616106
-0.826325704,55.55482374
-0.791547456,55.94803688
-0.77057854,56.34125002
-0.766760575,56.73446317
-0.777856879,57.12767631
-0.803645878,57.52088945
-0.843190899,57.91410259
-0.887043212,58.30731573
-0.921756317,58.70052887
-0.943866363,59.09374201
-0.952943517,59.48695515
-0.935274904,59.8801683
-0.869843439,60.27338144
-0.750848678,60.66659458
-0.596563427,61.05980772
-0.430002954,61.45302086
-0.256292405,61.846234
-0.07580624,62.23944714
0.107631463,62.63266028
0.288935388,63.02587342
0.463295396,63.41908657
0.625603187,63.81229971
0.764510874,64.20551285
0.86429523,64.59872599
0.923448894,64.99193913
0.951540775,65.38515227
0.962108553,65.77836541
0.969867104,66.17157855
0.973707005,66.5647917
0.95492909,66.95800484
0.904114304,67.35121798
0.825883415,67.74443112
0.723003709,68.13764426
0.59566632,68.5308574
0.447494586,68.92407054
0.293869161,69.31728368
0.154282069,69.71049682
0.035826377,70.10370997
-0.067527499,70.49692311
-0.163009974,70.89013625
-0.254495678,71.28334939
-0.345499875,71.67656253
-0.441389405,72.06977567
-0.541993209,72.46298881
-0.636962566,72.85620195
-0.721224033,73.2494151
-0.786040645,73.64262824
-0.815999486,74.03584138
-0.809996615,74.42905452
-0.775618039,74.82226766
-0.715814349,75.2154808
-0.630734766,75.60869394
-0.519022334,76.00190708
-0.378178999,76.39512022
-0.212580406,76.78833337
-0.033463028,77.18154651
0.144739871,77.57475965
0.31158567,77.96797279
0.461114536,78.36118593
0.590345057,78.75439907
0.697165171,79.14761221
0.778363579,79.54082535
0.830565765,79.9340385
0.851701756,80.32725164
0.843077035,80.72046478
0.813891565,81.11367792
0.785304475,81.50689106
0.777009131,81.9001042
0.790608571,82.29331734
0.819833887,82.68653048
0.860443581,83.07974363
0.911164518,83.47295677
0.970578064,83.86616991
1.026347743,84.25938305
1.047818894,84.65259619
1.013314305,85.04580933
0.928607999,85.43902247
0.81210363,85.83223561
0.673188123,86.22544875
0.514251883,86.6186619
0.339275183,87.01187504
0.153257929,87.40508818
-0.039815684,87.79830132
-0.239422737,88.19151446
-0.448367826,88.5847276
-0.655015922,88.97794074
-0.828382298,89.37115388
-0.944787406,89.76436703
-0.995395573,90.15758017
-0.978768534,90.55079331
-0.894272344,90.94400645
-0.746112097,91.33721959
-0.555701882,91.73043273
-0.361708883,92.12364587
-0.197776294,92.51685901
-0.07612214,92.91007215
0.003418136,93.3032853
0.040358669,93.69649844
0.031065717,94.08971158
-0.01552796,94.48292472
-0.074191893,94.87613786
-0.133685386,95.269351
-0.207486215,95.66256414
-0.309570148,96.05577728
-0.437679585,96.44899043
-0.573576555,96.84220357
-0.69902592,97.23541671
-0.798476843,97.62862985
-0.852224527,98.02184299
-0.848823975,98.41505613
-0.788098161,98.80826927
-0.681616877,99.20148241
-0.550766534,99.59469555
-0.412717106,99.9879087
-0.271509397,100.3811218
-0.127540186,100.774335
0.018565886,101.1675481
0.169719733,101.5607613
0.337461929,101.9539744
0.531082685,102.3471875
0.733076684,102.7404007
0.902594372,103.1336138
1.002631387,103.526827
1.021055241,103.9200401
0.960731212,104.3132532
0.829107954,104.7064664
0.644028118,105.0996795
0.434147408,105.4928927
0.213749431,105.8861058
-0.030641308,106.279319
-0.293660953,106.6725321
-0.524672842,107.0657452
-0.698835685,107.4589584
-0.810491417,107.8521715
-0.857739747,108.2453847
-0.838967471,108.6385978
-0.75323577,109.0318109
-0.602558291,109.4250241
-0.397696151,109.8182372
-0.16593749,110.2114504
0.063865885,110.6046635
0.280890773,110.9978766
0.480161136,111.3910898
0.656980947,111.7843029
0.809162908,112.1775161
0.938941324,112.5707292
1.043799446,112.9639424
1.111645531,113.3571555
1.12542418,113.7503686
1.070713612,114.1435818
0.972189671,114.5367949
0.866665509,114.9300081
0.745149366,115.3232212
0.60370228,115.7164343
0.448048953,116.1096475
0.285134557,116.5028606
0.125151479,116.8960738
-0.02330984,117.2892869
-0.157107048,117.6825
-0.276172268,118.0757132
-0.381628357,118.4689263
-0.473843388,118.8621395
-0.544889627,119.2553526
-0.584042643,119.6485658
-0.591656256,120.0417789
-0.573366872,120.434992
-0.542643129,120.8282052
-0.516501797,121.2214183
-0.508748496,121.6146315
-0.528021531,122.0078446
-0.569875264,122.4010577
-0.627346656,122.7942709
-0.698325205,123.187484
-0.784248647,123.5806972
-0.88133211,123.9739103
-0.965735212,124.3671234
-1.007086497,124.7603366
-0.994883989,125.1535497
-0.933222736,125.5467629
-0.828879122,125.939976
-0.686853165,126.3331892
-0.508607996,126.7264023
-0.297704914,127.1196154
-0.077154438,127.5128286
0.120453109,127.9060417
0.276586727,128.2992549
0.384489672,128.692468
0.451437341,129.0856811
0.490892416,129.4788943
0.510808765,129.8721074
0.513060364,130.2653206
0.489592637,130.6585337
0.424869729,131.0517468
0.317426198,131.44496
0.194774623,131.8381731
0.097726268,132.2313863
0.045789553,132.6245994
0.036430148,133.0178126
0.06462462,133.4110257
0.12673506,133.8042388
0.218077066,134.197452
0.329686711,134.5906651
0.445282484,134.9838783
0.546840092,135.3770914
0.628606926,135.7703045
0.695606731,136.1635177
0.75769903,136.5567308
0.823442563,136.949944
0.887913647,137.3431571
0.935588331,137.7363702
0.950407032,138.1295834
0.916999936,138.5227965
0.829479349,138.9160097
0.701606944,139.3092228
0.556324472,139.702436
0.41188787,140.0956491
0.276144624,140.4888622
0.149709632,140.8820754
0.031315191,141.2752885
-0.080680481,141.6685017
-0.18929995,142.0617148
-0.300515994,142.4549279
-0.4054855,142.8481411
-0.479612146,143.2413542
-0.509420512,143.6345674
-0.493129259,144.0277805
-0.440289656,144.4209936
-0.374144963,144.8142068
-0.318132943,145.2074199
-0.283176662,145.6006331
-0.271261171,145.9938462
-0.28125476,146.3870594
-0.311720538,146.7802725
-0.357851334,147.1734856
-0.398016205,147.5666988
-0.410958176,147.9599119
-0.410199475,148.3531251
-0.418283007,148.7463382
-0.446621445,149.1395513
-0.499556778,149.5327645
-0.578084285,149.9259776
-0.680402146,150.3191908
-0.786654223,150.7124039
-0.856963555,151.105617
-0.875195808,151.4988302
-0.843701443,151.8920433
-0.774506676,152.2852565
-0.683289291,152.6784696
-0.578505775,153.0716828
-0.461141201,153.4648959
-0.3315979,153.858109
-0.19070786,154.2513222
-0.037904655,154.6445353
0.132001878,155.0377485
0.32728455,155.4309616
0.537508416,155.8241747
0.733300836,156.2173879
0.889353119,156.610601
0.981418698,157.0038142
0.998489351,157.3970273
0.955323166,157.7902404
0.872448006,158.1834536
0.774687715,158.5766667
0.692135492,158.9698799
0.630798754,159.363093
0.587942752,159.7563062
0.565677148,160.1495193
0.558978539,160.5427324
0.54772714,160.9359456
0.518666856,161.3291587
0.469722011,161.7223719
0.402745429,162.115585
0.318789291,162.5087981
0.21736069,162.9020113
0.107493063,163.2952244
0.009852624,163.6884376
-0.066657796,164.0816507
-0.137591554,164.4748638
-0.222883919,164.868077
-0.315866944,165.2612901
-0.396663533,165.6545033
-0.460921389,166.0477164
-0.512864395,166.4409296
-0.557124574,166.8341427
-0.590769669,167.2273558
-0.597431805,167.620569
-0.569851702,168.0137821
-0.520764449,168.4069953
-0.467830087,168.8002084
-0.412410543,169.1934215
-0.352110158,169.5866347
-0.290621286,169.9798478
-0.239618505,170.373061
-0.196524573,170.7662741
-0.140130552,171.1594873
-0.05289643,171.5527004
0.059876788,171.9459135
0.178916736,172.3391267
0.287022814,172.7323398
0.374745862,173.125553
0.42552649,173.5187661
0.428549559,173.9119792
0.391490747,174.3051924
0.332462175,174.6984055
0.275368953,175.0916187
0.241841357,175.4848318
0.234825971,175.8780449
0.248736345,176.2712581
0.277526328,176.6644712
0.316805022,177.0576844
0.364818737,177.4508975
0.410210301,177.8441107
0.442540289,178.2373238
0.470052868,178.6305369
0.503431194,179.0237501
0.547125626,179.4169632
0.601877793,179.8101764
0.664889901,180.2033895
0.728559381,180.5966026
0.779949886,180.9898158
0.811228454,181.3830289
0.836075668,181.7762421
0.876515056,182.1694552
0.928202475,182.5626683
0.967675991,182.9558815
0.978775428,183.3490946
0.953800403,183.7423078
0.887878395,184.1355209
0.774337038,184.5287341
0.621185101,184.9219472
0.459619189,185.3151603
0.304142813,185.7083735
0.163996701,186.1015866
0.048412139,186.4947998
-0.035839267,186.8880129
-0.082791789,187.281226
-0.087888408,187.6744392
-0.058757927,188.0676523
-0.015346598,188.4608655
0.02801048,188.8540786
0.072765415,189.2472917
0.132953124,189.6405049
0.210626267,190.033718
0.287267705,190.4269312
0.347766957,190.8201443
0.390763642,191.2133575
0.417062273,191.6065706
0.429831132,191.9997837
0.44225567,192.3929969
0.475239673,192.78621
0.528777016,193.1794232
0.580294345,193.5726363
0.614973422,193.9658494
0.625611557,194.3590626
0.607837898,194.7522757
0.565304285,195.1454889
0.507743698,195.538702
0.433403976,195.9319151
0.339281581,196.3251283
0.237902968,196.7183414
0.151398972,197.1115546
0.098400155,197.5047677
0.08283497,197.8979809
0.104041465,198.291194
0.160114887,198.6844071
0.231090411,199.0776203
0.305326707,199.4708334
0.387023223,199.8640466
0.47705274,200.2572597
0.560189738,200.6504728
0.614574872,201.043686
0.639167828,201.4368991
0.642796327,201.8301123
0.63774581,202.2233254
0.638524663,202.6165385
0.650926945,203.0097517
0.665769378,203.4029648
0.667799511,203.796178
0.647537115,204.1893911
0.601480219,204.5826043
0.527127876,204.9758174
0.424030125,205.3690305
0.303732811,205.7622437
0.181622062,206.1554568
0.06321367,206.54867
-0.053206452,206.9418831
-0.153490563,207.3350962
-0.237809602,207.7283094
-0.315348927,208.1215225
-0.386330766,208.5147357
-0.447089295,208.9079488
-0.495162146,209.3011619
-0.533567193,209.6943751
-0.557046148,210.0875882
-0.550990645,210.4808014
-0.523533248,210.8740145
-0.487022092,211.2672277
-0.440121323,211.6604408
-0.379122534,212.0536539
-0.311468831,212.4468671
-0.253455116,212.8400802
-0.209508672,213.2332934
-0.168379907,213.6265065
-0.12257747,214.0197196
-0.074717792,214.4129328
-0.032472132,214.8061459
-0.011710542,215.1993591
-0.033428422,215.5925722
-0.102495297,215.9857853
-0.214796273,216.3789985
-0.355755094,216.7722116
-0.51910759,217.1654248
-0.702993314,217.5586379
-0.872381752,217.9518511
-0.9853459,218.3450642
-1.031579983,218.7382773
-1.011249971,219.1314905
-0.928257509,219.5247036
-0.793485174,219.9179168
-0.627552362,220.3111299
-0.454872275,220.704343
-0.295035761,221.0975562
-0.162824168,221.4907693
-0.068471161,221.8839825
-0.011065096,222.2771956
0.022847246,222.6704087
0.044917879,223.0636219
0.061104061,223.456835
0.075923902,223.8500482
0.095339986,224.2432613
0.125566597,224.6364745
0.157954713,225.0296876
0.191430027,225.4229007
0.244769271,225.8161139
0.322836805,226.209327
0.408963625,226.6025402
0.484126565,226.9957533
0.536621074,227.3889664
0.559311274,227.7821796
0.545037725,228.1753927
0.484645186,228.5686059
0.371619381,228.961819
0.209426725,229.3550321
0.011863902,229.7482453
-0.198107018,230.1414584
-0.398048204,230.5346716
-0.57729196,230.9278847
-0.730519248,231.3210979
-0.852734131,231.714311
-0.93269862,232.1075241
-0.966131617,232.5007373
-0.965342716,232.8939504
-0.94028029,233.2871636
-0.902540613,233.6803767
-0.870840901,234.0735898
-0.862517622,234.466803
-0.871089604,234.8600161
-0.874925019,235.2532293
-0.859000108,235.6464424
-0.816731861,236.0396555
-0.74695203,236.4328687
-0.652543486,236.8260818
-0.537946162,237.219295
-0.405364639,237.6125081
-0.252821718,238.0057213
-0.078708301,238.3989344
0.091391877,238.7921475
0.229275698,239.1853607
0.325863359,239.5785738
0.385993128,239.971787
0.421812852,240.3650001
0.434312308,240.7582132
0.412274609,241.1514264
0.346870782,241.5446395
0.238630757,241.9378527
0.099487845,242.3310658
-0.04876463,242.7242789
-0.192521459,243.1174921
-0.33075922,243.5107052
-0.458748826,243.9039184
-0.563769582,244.2971315
-0.642949298,244.6903447
-0.700491646,245.0835578
-0.736976038,245.4767709
-0.755227426,245.8699841
-0.769248313,246.2631972
-0.807512467,246.6564104
-0.876572456,247.0496235
-0.957963353,247.4428366
-1.015496847,247.8360498
-1.01563271,248.2292629
-0.959885157,248.6224761
-0.866830459,249.0156892
-0.742571466,249.4089023
-0.603192018,249.8021155
-0.469239523,250.1953286
-0.353195732,250.5885418
-0.260829302,250.9817549
-0.192739817,251.3749681
-0.1447483,251.7681812
-0.115671049,252.1613943
-0.115151469,252.5546075
-0.14713374,252.9478206
-0.208721075,253.3410338
-0.298293201,253.7342469
-0.413904836,254.12746
-0.55196559,254.5206732
-0.704504308,254.9138863
-0.855127433,255.3070995
-0.985284644,255.7003126
-1.085047428,256.0935257
-1.138266826,256.4867389
-1.132086182,256.879952
-1.071523545,257.2731652
-0.973918652,257.6663783
-0.848897104,258.0595915
-0.698452465,258.4528046
-0.525973728,258.8460177
-0.336750058,259.2392309
-0.136774011,259.632444
0.06800091,260.0256572
0.272128897,260.4188703
0.470273409,260.8120834
0.656797495,261.2052966
0.830000346,261.5985097
0.989907818,261.9917229
1.11677477,262.384936
1.177645629,262.7781491
1.15902141,263.1713623
1.065823568,263.5645754
0.918510122,263.9577886
0.744805983,264.3510017
0.562261466,264.7442149
0.375452719,265.137428
0.183227684,265.5306411
-0.012865886,265.9238543
-0.208109682,266.3170674
-0.396582149,266.7102806
-0.57205327,267.1034937
-0.728337543,267.4967068
-0.859585308,267.88992
-0.960789238,268.2831331
-1.028937238,268.6763463
-1.06546652,269.0695594
-1.077287276,269.4627725
-1.067513237,269.8559857
-1.041399062,270.2491988
-1.001873413,270.642412
-0.936705786,271.0356251
-0.834560779,271.4288383
-0.687319019,271.8220514
-0.515964898,272.2152645
-0.345596569,272.6084777
-0.192382166,273.0016908
-0.066292445,273.394904
0.03033309,273.7881171
0.096984771,274.1813302
0.132520548,274.5745434
0.134939235,274.9677565
0.101315615,275.3609697
0.029559085,275.7541828
-0.079279643,276.1473959
-0.221015784,276.5406091
-0.388161267,276.9338222
-0.566252307,277.3270354
-0.730955716,277.7202485
-0.86716225,278.1134617
-0.979285454,278.5066748
-1.052271306,278.8998879
-1.057591471,279.2931011
-0.997385511,279.6863142
-0.902003646,280.0795274
-0.782195651,280.4727405
-0.63596872,280.8659536
-0.466240003,281.2591668
-0.27864877,281.6523799
-0.08002655,282.0455931
0.122080412,282.4388062
0.319943579,282.8320193
0.507005401,283.2252325
0.67928381,283.6184456
0.833318818,284.0116588
0.960951939,284.4048719
1.04891201,284.7980851
1.093081878,285.1912982
1.09503123,285.5845113
1.05842015,285.9777245
0.999708292,286.3709376
0.951287263,286.7641508
0.923035799,287.1573639
0.889308044,287.550577
0.832120043,287.9437902
0.746288961,288.3370033
0.632516977,288.7302165
0.493051194,289.1234296
0.329635351,289.5166427
0.146768556,289.9098559
-0.038892072,290.303069
-0.204406805,290.6962822
-0.333967298,291.0894953
-0.420552259,291.4827085
-0.463327754,291.8759216
-0.462952861,292.2691347
-0.414667893,292.6623479
-0.317415417,293.055561
-0.192395512,293.4487742
-0.060703775,293.8419873
0.062064523,294.2352004
0.163265601,294.6284136
0.246524731,295.0216267
0.312903458,295.4148399
0.362824169,295.808053
0.395988438,296.2012661
0.409114355,296.5944793
0.397257285,296.9876924
0.354885491,297.3809056
0.289705753,297.7741187
0.225860154,298.1673319
0.181697814,298.560545
0.158597327,298.9537581
0.145412591,299.3469713
0.131683237,299.7401844
0.116845198,300.1333976
0.105105857,300.5266107
0.088431695,300.9198238
0.05584459,301.313037
0.012776232,301.7062501
-0.02940861,302.0994633
-0.050691241,302.4926764
-0.025590267,302.8858895
0.045079796,303.2791027
0.145640861,303.6723158
0.26083371,304.065529
0.378469678,304.4587421
0.490501008,304.8519553
0.593255551,305.2451684
0.672495173,305.6383815
0.707178517,306.0315947
0.693084865,306.4248078
0.636347946,306.818021
0.550039453,307.2112341
0.451536249,307.6044472
0.349517414,307.9976604
0.240728638,308.3908735
0.122648275,308.7840867
-0.003253385,309.1772998
-0.132149174,309.5705129
-0.257331933,309.9637261
-0.371880135,310.3569392
-0.472007715,310.7501524
-0.562775307,311.1433655
-0.654974441,311.5365787
-0.742881702,311.9297918
-0.80681896,312.3230049
-0.833598279,312.7162181
-0.822741582,313.1094312
-0.800322006,313.5026444
-0.789677997,313.8958575
-0.777033783,314.2890706
-0.747380953,314.6822838
-0.697856114,315.0754969
-0.642359055,315.4687101
-0.603352922,315.8619232
-0.593627114,316.2551363
-0.604816032,316.6483495
-0.613887243,317.0415626
-0.600962473,317.4347758
-0.568779299,317.8279889
-0.533351295,318.2212021
-0.507234935,318.6144152
-0.496448688,319.0076283
-0.498541847,319.4008415
-0.501830549,319.7940546
-0.49366214,320.1872678
-0.45189015,320.5804809
-0.371994975,320.973694
-0.272738914,321.3669072
-0.172743713,321.7601203
-0.077882672,322.1533335
-0.006773396,322.5465466
0.016033775,322.9397597
-0.007375261,323.3329729
-0.051643628,323.726186
-0.091868566,324.1193992
-0.105580585,324.5126123
-0.075615764,324.9058255
-0.005987458,325.2990386
0.081905177,325.6922517
0.17468115,326.0854649
0.270456065,326.478678
0.360609872,326.8718912
0.427855112,327.2651043
0.461946245,327.6583174
0.474192964,328.0515306
0.49560315,328.4447437
0.53371549,328.8379569
0.581540198,329.23117
0.62692245,329.6243831
0.653078305,330.0175963
0.646820514,330.4108094
0.613204949,330.8040226
0.574933085,331.1972357
0.545778281,331.5904489
0.529805113,331.983662
0.53090361,332.3768751
0.551463364,332.7700883
0.592141119,333.1633014
0.652176756,333.5565146
0.728417905,333.9497277
0.809495342,334.3429408
0.871180424,334.736154
0.899288675,335.1293671
0.900356513,335.5225803
0.88882787,335.9157934
0.881589764,336.3090065
0.886256281,336.7022197
0.900842501,337.0954328
0.923001309,337.488646
0.951979977,337.8818591
0.988151769,338.2750723
1.029364179,338.6682854
1.058371427,339.0614985
1.053419354,339.4547117
1.011229618,339.8479248
0.934017427,340.241138
0.822102881,340.6343511
0.673051133,341.0275642
0.484850993,341.4207774
0.27991742,341.8139905
0.087449816,342.2072037
-0.078766021,342.6004168
-0.20607312,342.9936299
-0.286671569,343.3868431
-0.319982609,343.7800562
-0.304067752,344.1732694
-0.2341563,344.5664825
-0.113415096,344.9596957
0.035877541,345.3529088
0.191255154,345.7461219
0.335204985,346.1393351
0.448514315,346.5325482
0.515066949,346.9257614
0.53614502,347.3189745
0.524921799,347.7121876
0.489401152,348.1054008
0.432343544,348.4986139
0.35802931,348.8918271
0.282197655,349.2850402
0.236884219,349.6782533
0.236378164,350.0714665
0.272586759,350.4646796
0.339425017,350.8578928
0.438782218,351.2511059
0.571889717,351.6443191
0.710620518,352.0375322
0.824574362,352.4307453
0.889080853,352.8239585
0.883230333,353.2171716
0.80673654,353.6103848
0.6703722,354.0035979
0.490030521,354.396811
0.288560681,354.7900242
0.084603976,355.1832373
-0.116481519,355.5764505
-0.311998397,355.9696636
-0.497211127,356.3628767
-0.666092122,356.7560899
-0.812599598,357.149303
-0.93119636,357.5425162
-1.019392264,357.9357293
-1.078832379,358.3289425
-1.110889186,358.7221556
-1.11379867,359.1153687
-1.089917714,359.5085819
-1.052674897,359.901795
-0.994066531,360.2950082
-0.90045958,360.6882213
-0.776339158,361.0814344
-0.641456585,361.4746476
-0.512853238,361.8678607
-0.400291539,362.2610739
-0.309887725,362.654287
-0.247303283,363.0475001
-0.213996058,363.4407133
-0.197957423,363.8339264
-0.189173366,364.2271396
-0.193626398,364.6203527
-0.22224046,365.0135659
-0.279306782,365.406779
-0.363690818,365.7999921
-0.470215162,366.1932053
-0.587988732,366.5864184
-0.70003495,366.9796316
-0.789339741,367.3728447
-0.848215813,367.7660578
-0.879635102,368.159271
-0.897983306,368.5524841
-0.925228116,368.9456973
-0.963715834,369.3389104
-0.997973717,369.7321235
-1.017140783,370.1253367
-1.014950491,370.5185498
-0.980528279,370.911763
-0.901799094,371.3049761
-0.772925293,371.6981893
-0.60465082,372.0914024
-0.414365899,372.4846155
-0.207909625,372.8778287
0.013690476,373.2710418
0.238295823,373.664255
0.444662498,374.0574681
0.612483662,374.4506812
0.726700222,374.8438944
0.777406499,375.2371075
0.75898604,375.6303207
0.670030068,376.0235338
0.516203703,376.4167469
0.318733963,376.8099601
0.114219836,377.2031732
-0.072288276,377.5963864
-0.228668954,377.9895995
-0.343958112,378.3828127
-0.418507488,378.7760258
-0.472163813,379.1692389
-0.505424928,379.5624521
-0.501720925,379.9556652
-0.446771737,380.3488784
-0.33835574,380.7420915
-0.188871109,381.1353046
-0.020501043,381.5285178
0.147024546,381.9217309
0.300048327,382.3149441
0.429277011,382.7081572
0.533396,383.1013703
0.614914194,383.4945835
0.678236519,383.8877966
0.730470114,384.2810098
0.780703229,384.6742229
0.835619191,385.0674361
0.895242549,385.4606492
0.953656995,385.8538623
1.000637894,386.2470755
1.022772147,386.6402886
1.019421199,387.0335018
1.015051961,387.4267149
1.01608426,387.819928
1.007039475,388.2131412
0.978247566,388.6063543
0.938798009,388.9995675
0.899349523,389.3927806
0.863422543,389.7859937
0.831309656,390.1792069
0.807379635,390.57242
0.798656911,390.9656332
0.792774498,391.3588463
0.770701564,391.7520595
0.739752567,392.1452726
0.716239616,392.5384857
0.704763845,392.9316989
0.705778143,393.324912
0.718861534,393.7181252
0.743147354,394.1113383
0.777090128,394.5045514
0.817481653,394.8977646
0.856844324,395.2909777
0.882082785,395.6841909
0.886034871,396.077404
0.879798677,396.4706171
0.88383207,396.8638303
0.903230179,397.2570434
0.937451661,397.6502566
0.989067007,398.0434697
1.050332356,398.4366829
1.092965148,398.829896
1.08610984,399.2231091
1.025534442,399.6163223
0.932911384,400.0095354
0.817581035,400.4027486
0.676602213,400.7959617
0.512572569,401.1891748
0.330674758,401.582388
0.136627258,401.9756011
-0.064142026,402.3688143
-0.267471264,402.7620274
-0.467814396,403.1552405
-0.647982524,403.5484537
-0.790901634,403.9416668
-0.89558871,404.33488
-0.962705404,404.7280931
-0.994208835,405.1213063
-0.992779686,405.5145194
-0.968104185,405.9077325
-0.94092666,406.3009457
-0.922606596,406.6941588
-0.900469102,407.087372
-0.859300211,407.4805851
-0.796262727,407.8737982
-0.724206478,408.2670114
-0.657625566,408.6602245
-0.604154029,409.0534377
-0.567140623,409.4466508
-0.548259621,409.8398639
-0.548712637,410.2330771
-0.569456566,410.6262902
-0.606815118,411.0195034
-0.640122338,411.4127165
-0.649482194,411.8059297
-0.632846821,412.1991428
-0.58420865,412.5923559
-0.513343313,412.9855691
-0.442379329,413.3787822
-0.381627687,413.7719954
-0.330013007,414.1652085
-0.27919546,414.5584216
-0.224559924,414.9516348
-0.17260266,415.3448479
-0.137355179,415.7380611
-0.133223881,416.1312742
-0.163159593,416.5244873
-0.223278399,416.9177005
-0.310346274,417.3109136
-0.421666487,417.7041268
-0.553352597,418.0973399
-0.698057573,418.4905531
-0.839675675,418.8837662
-0.951608033,419.2769793
-1.016212492,419.6701925
-1.0363516,420.0634056
-1.025599457,420.4566188
-1.009664426,420.8498319
-1.005403586,421.243045
-1.016607632,421.6362582
-1.037364769,422.0294713
-1.045325237,422.4226845
-1.024807349,422.8158976
-0.969542834,423.2091107
-0.87844403,423.6023239
-0.751292074,423.995537
-0.58851481,424.3887502
-0.407492145,424.7819633
-0.236322593,425.1751765
-0.090996722,425.5683896
0.020609713,425.9616027
0.092076855,426.3548159
0.119245951,426.748029
0.11353561,427.1412422
0.094241768,427.5344553
0.072384052,427.9276684
0.053924503,428.3208816
0.041764112,428.7140947
0.026383776,429.1073079
-0.004397222,429.500521
-0.041000899,429.8937341
-0.066919254,430.2869473
-0.083568971,430.6801604
-0.094698371,431.0733736
-0.101819586,431.4665867
-0.109132336,431.8597999
-0.129887612,432.253013
-0.179754526,432.6462261
-0.250605986,433.0394393
-0.330641814,433.4326524
-0.424217045,433.8258656
-0.533752161,434.2190787
-0.648618296,434.6122918
-0.745493525,435.005505
-0.810952214,435.3987181
-0.848970985,435.7919313
-0.865834777,436.1851444
-0.86451951,436.5783575
-0.847397561,436.9715707
-0.813967483,437.3647838
-0.756810654,437.757997
-0.669939749,438.1512101
-0.551355956,438.5444233
-0.415259121,438.9376364
-0.288517877,439.3308495
-0.190868799,439.7240627
-0.128839901,440.1172758
-0.077224787,440.510489
-0.008959209,440.9037021
0.067789641,441.2969152
0.137983182,441.6901284
0.197804557,442.0833415
0.247331428,442.4765547
0.286619033,442.8697678
0.317214142,443.2629809
0.345465482,443.6561941
0.384383304,444.0494072
0.44264779,444.4426204
0.514907231,444.8358335
0.589785265,445.2290467
0.661215253,445.6222598
0.726318702,446.0154729
0.76999541,446.4086861
0.7670051,446.8018992
0.701012182,447.1951124
0.577067037,447.5883255
0.413082324,447.9815386
0.236572645,448.3747518
0.057335891,448.7679649
-0.127754033,449.1611781
-0.304803491,449.5543912
-0.45016439,449.9476043
-0.548718822,450.3408175
-0.593479945,450.7340306
-0.582003371,451.1272438
-0.515371958,451.5204569
-0.399484431,451.9136701
-0.24535559,452.3068832
-0.070582935,452.7000963
0.097445576,453.0933095
0.243666971,453.4865226
0.35944008,453.8797358
0.43304116,454.2729489
0.4551867,454.666162
0.417294048,455.0593752
0.329655231,455.4525883
0.216940439,455.8458015
0.094851693,456.2390146
-0.025758728,456.6322277
-0.129451383,457.0254409
-0.194180649,457.418654
-0.208564084,457.8118672
-0.175633422,458.2050803
-0.099250151,458.5982935
0.019629575,458.9915066
0.181973529,459.3847197
0.380040353,459.7779329
0.583951729,460.171146
0.750253701,460.5643592
0.842543514,460.9575723
0.854744161,461.3507854
0.793273525,461.7439986
0.67901771,462.1372117
0.534327213,462.5304249
0.380300695,462.923638
0.246086312,463.3168511
0.150885266,463.7100643
0.095040478,464.1032774
0.075824477,464.4964906
0.088832132,464.8897037
0.129204808,465.2829169
0.19467544,465.67613
0.287682606,466.0693431
0.412902376,466.4625563
0.572521453,466.8557694
0.754791938,467.2489826
0.914938737,467.6421957
1.008924421,468.0354088
1.024360369,468.428622
0.965678997,468.8218351
0.843567414,469.2150483
0.67757133,469.6082614
0.489381398,470.0014745
0.284658409,470.3946877
0.071476308,470.7879008
-0.12676782,471.181114
-0.289519583,471.5743271
-0.404129868,471.9675403
-0.469199267,472.3607534
-0.501625234,472.7539665
-0.516734511,473.1471797
-0.515678254,473.5403928
-0.493749467,473.933606
-0.450108561,474.3268191
-0.393052946,474.7200322
-0.342909523,475.1132454
-0.325558414,475.5064585
-0.345778435,475.8996717
-0.400759871,476.2928848
-0.493047809,476.6860979
-0.615939462,477.0793111
-0.736257225,477.4725242
-0.814452574,477.8657374
-0.8449542,478.2589505
-0.83270046,478.6521637
-0.77617697,479.0453768
-0.685173138,479.4385899
-0.575983888,479.8318031
-0.470183579,480.2250162
-0.39074524,480.6182294
-0.343416226,481.0114425
-0.322603356,481.4046556
-0.324658663,481.7978688
-0.348217194,482.1910819
-0.392966862,482.5842951
-0.459116505,482.9775082
-0.547078808,483.3707213
-0.656996928,483.7639345
-0.787673722,484.1571476
-0.929620583,484.5503608
-1.041304812,484.9435739
-1.070055655,485.3367871
-1.034086341,485.7300002
-0.983740619,486.1232133
-0.940725393,486.5164265
-0.904384027,486.9096396
-0.874865203,487.3028528
-0.853417309,487.6960659
-0.840032105,488.089279
-0.833428718,488.4824922
-0.832329433,488.8757053
-0.836119189,489.2689185
-0.84475664,489.6621316
-0.858642533,490.0553447
-0.878791635,490.4485579
-0.904266435,490.841771
-0.931216619,491.2349842
-0.960156334,491.6281973
-0.990360835,492.0214105
-1.014014658,492.4146236
-1.01484567,492.8078367
-0.994607623,493.2010499
-0.983007382,493.594263
-0.980689505,493.9874762
-0.980725475,494.3806893
-0.98302168,494.7739024
-0.986041504,495.1671156
-0.982382761,495.5603287
-0.971409543,495.9535419
-0.957916792,496.346755
-0.944972943,496.7399681
-0.934034623,497.1331813
-0.925832643,497.5263944
-0.920712522,497.9196076
-0.918478244,498.3128207
-0.917560955,498.7060339
-0.918069711,499.099247
-0.92576384,499.4924601
-0.945025315,499.8856733
-0.978507624,500.2788864
-1.014406308,500.6720996
-1.020892776,501.0653127
-0.980430597,501.4585258
-0.904289779,501.851739
-0.813706569,502.2449521
-0.722973242,502.6381653
-0.634077226,503.0313784
-0.543400432,503.4245915
-0.455240649,503.8178047
-0.372092791,504.2110178
-0.288498472,504.604231
-0.201880721,504.9974441
-0.113180924,505.3906573
-0.021168914,505.7838704
0.072203584,506.1770835
0.162310102,506.5702967
0.244439342,506.9635098
0.315644049,507.356723
0.377220491,507.7499361
0.438977213,508.1431492
0.521427708,508.5363624
0.637613622,508.9295755
0.768958436,509.3227887
0.888022293,509.7160018
0.985959375,510.1092149
1.067510881,510.5024281
1.119545659,510.8956412
1.119574966,511.2888544
1.062140607,511.6820675
0.951208446,512.0752807
0.794248928,512.4684938
0.601557163,512.8617069
0.395901967,513.2549201
0.204699318,513.6481332
0.043118845,514.0413464
-0.081511907,514.4345595
-0.164073472,514.8277726
-0.198159479,515.2209858
-0.176032388,515.6141989
-0.104060331,516.0074121
-0.008715049,516.4006252
0.089996984,516.7938384
0.184400292,517.1870515
0.271095361,517.5802646
0.343676617,517.9734778
0.385407732,518.3666909
0.367653535,518.7599041
0.280575287,519.1531172
0.136972742,519.5463303
-0.051596648,519.9395435
-0.267879093,520.3327566
-0.483816534,520.7259698
-0.67386963,521.1191829
-0.82880647,521.512396
-0.947335273,521.9056092
-1.023543078,522.2988223
-1.051101396,522.6920355
-1.033060366,523.0852486
-0.98310824,523.4784618
-0.927392801,523.8716749
-0.889217029,524.264888
-0.868950343,524.6581012
-0.859950869,525.0513143
-0.858650557,525.4445275
-0.864453561,525.8377406
-0.878860661,526.2309537
-0.899700436,526.6241669
-0.913618829,527.01738
-0.912930005,527.4105932
-0.903370508,527.8038063
-0.889229483,528.1970194
-0.872694433,528.5902326
-0.859549996,528.9834457
-0.853625516,529.3766589
-0.851728002,529.769872
-0.848629424,530.1630852
-0.844769085,530.5562983
-0.844911223,530.9495114
-0.850079904,531.3427246
-0.858620984,531.7359377
-0.869529271,532.1291509
-0.882590221,532.522364
-0.898543251,532.9155771
-0.920282913,533.3087903
-0.954041929,533.7020034
-1.002573529,534.0952166
-1.042015196,534.4884297
-1.021422276,534.8816428
-0.948212838,535.274856
-0.863859034,535.6680691
-0.783092096,536.0612823
-0.709125988,536.4544954
-0.64429132,536.8477086
-0.591882753,537.2409217
-0.552247789,537.6341348
-0.512818725,538.027348
-0.45719795,538.4205611
-0.383619468,538.8137743
-0.305931149,539.2069874
-0.240033596,539.6002005
-0.196340461,539.9934137
-0.180846348,540.3866268
-0.196994441,540.77984
-0.245744076,541.1730531
-0.322552806,541.5662662
-0.410865475,541.9594794
-0.482758181,542.3526925
-0.529245146,542.7459057
-0.588914692,543.1391188
-0.667519065,543.532332
-0.736883723,543.9255451
-0.78460011,544.3187582
-0.819443998,544.7119714
-0.860108581,545.1051845
-0.894230397,545.4983977
-0.891665768,545.8916108
-0.842095693,546.2848239
-0.757914705,546.6780371
-0.655504711,547.0712502
-0.542690326,547.4644634
-0.421780909,547.8576765
-0.293678346,548.2508896
-0.157602039,548.6441028
-0.01448428,549.0373159
0.130511296,549.4305291
0.271584605,549.8237422
0.404852183,550.2169554
0.522516924,550.6101685
0.612303399,551.0033816
0.674790755,551.3965948
0.714876972,551.7898079
0.730766787,552.1830211
0.713077842,552.5762342
0.6644028,552.9694473
0.612464459,553.3626605
0.573855952,553.7558736
0.548558815,554.1490868
0.534719424,554.5422999
0.531617644,554.935513
0.540088231,555.3287262
0.563767604,555.7219393
0.606398641,556.1151525
0.667842828,556.5083656
0.74741826,556.9015788
0.83958432,557.2947919
0.930244976,557.688005
0.99625106,558.0812182
1.012072221,558.4744313
0.962422356,558.8676445
0.857290298,559.2608576
0.718982767,559.6540707
0.558782396,560.0472839
0.376382254,560.440497
0.178359215,560.8337102
-0.013248528,561.2269233
-0.178110896,561.6201364
-0.305122607,562.0133496
-0.388548999,562.4065627
-0.424553528,562.7997759
-0.40860797,563.192989
-0.337445487,563.5862022
-0.231931025,563.9794153
-0.119303316,564.3726284
0.00254983,564.7658416
0.134822453,565.1590547
0.26655474,565.5522679
0.386213419,565.945481
0.489905735,566.3386941
0.577393911,566.7319073
0.647436852,567.1251204
0.693264199,567.5183336
0.71065543,567.9115467
0.715424745,568.3047598
0.735879789,568.697973
0.770573223,569.0911861
0.797419542,569.4843993
0.803584357,569.8776124
0.785128871,570.2708256
0.741598265,570.6640387
0.67202249,571.0572518
0.569978252,571.450465
0.421478824,571.8436781
0.235017487,572.2368913
0.044821435,572.6301044
-0.131587059,573.0233175
-0.293619636,573.4165307
-0.441028689,573.8097438
-0.571259593,574.202957
-0.681441669,574.5961701
-0.770794627,574.9893832
-0.841331706,575.3825964
-0.890231475,575.7758095
-0.904714299,576.1690227
-0.877696285,576.5622358
-0.829624432,576.955449
-0.779306805,577.3486621
-0.733457013,577.7418752
-0.696070341,578.1350884
-0.669057888,578.5283015
-0.652955784,578.9215147
-0.647297574,579.3147278
-0.650569986,579.7079409
-0.659966646,580.1011541
-0.672740017,580.4943672
-0.693104539,580.8875804
-0.729197184,581.2807935
-0.773386569,581.6740066
-0.812493938,582.0672198
-0.848312003,582.4604329
-0.885673772,582.8536461
-0.920391732,583.2468592
-0.94343593,583.6400724
-0.944904562,584.0332855
-0.914354223,584.4264986
-0.860681294,584.8197118
-0.804064714,585.2129249
-0.753183226,585.6061381
-0.708493261,585.9993512
-0.671079299,586.3925643
-0.643505612,586.7857775
-0.630432927,587.1789906
-0.640006115,587.5722038
-0.670316762,587.9654169
-0.699212048,588.35863
-0.709033603,588.7518432
-0.686420137,589.1450563
-0.621367932,589.5382695
-0.532962121,589.9314826
-0.454014156,590.3246958
-0.395426744,590.7179089
-0.354550047,591.111122
-0.330976869,591.5043352
-0.325626554,591.8975483
-0.333758144,592.2907615
-0.354000498,592.6839746
-0.388188948,593.0771877
-0.437680874,593.4704009
-0.503508675,593.863614
-0.586877752,594.2568272
-0.686826721,594.6500403
-0.790036235,595.0432534
-0.880631671,595.4364666
-0.943356588,595.8296797
-0.962797933,596.2228929
-0.943846873,596.616106
-0.898733805,597.0093192
-0.845521782,597.4025323
-0.806381285,597.7957454
-0.787171246,598.1889586
-0.781974797,598.5821717
-0.787892951,598.9753849
-0.802604996,599.368598
-0.819353698,599.7618111
-0.837510976,600.1550243
-0.85939451,600.5482374
-0.8848804,600.9414506
-0.912987254,601.3346637
-0.942718122,601.7278768
-0.973197658,602.12109
-1.00363075,602.5143031
-1.03432563,602.9075163
-1.068581499,603.3007294
-1.091423297,603.6939426
-1.079451531,604.0871557
-1.025300559,604.4803688
-0.932347336,604.873582
-0.807295067,605.2667951
-0.657183993,605.6600083
-0.488336757,606.0532214
-0.305880176,606.4464345
-0.113701792,606.8396477
0.085667574,607.2328608
0.287920583,607.626074
0.48056589,608.0192871
0.654608694,608.4125002
0.805514004,608.8057134
0.923237989,609.1989265
0.999960372,609.5921397
1.034978058,609.9853528
1.029243613,610.378566
0.990600974,610.7717791
0.941995248,611.1649922
0.911379796,611.5582054
0.902606663,611.9514185
0.899694551,612.3446317
0.885244353,612.7378448
0.855285273,613.1310579
0.818205934,613.5242711
0.783432421,613.9174842
0.759403944,614.3106974
0.753930664,614.7039105
0.763312372,615.0971236
0.767049402,615.4903368
0.749298106,615.8835499
0.703766656,616.2767631
0.62698513,616.6699762
0.51473147,617.0631894
0.379813755,617.4564025
0.251125126,617.8496156
0.144892702,618.2428288
0.066821668,618.6360419
0.018510781,619.0292551
-0.000817029,619.4224682
0.005988884,619.8156813
0.035037756,620.2088945
0.083080883,620.6021076
0.142434701,620.9953208
0.203373146,621.3885339
0.267868564,621.781747
0.345585859,622.1749602
0.437960092,622.5681733
0.52903257,622.9613865
0.589164824,623.3545996
0.598642814,623.7478128
0.551697061,624.1410259
0.45111454,624.534239
0.30840844,624.9274522
0.146621608,625.3206653
-0.012516403,625.7138785
-0.164992537,626.1070916
-0.311491579,626.5003047
-0.451789442,626.8935179
-0.577856476,627.286731
-0.669627815,627.6799442
-0.725019764,628.0731573
-0.763733587,628.4663704
-0.806059234,628.8595836
-0.850396495,629.2527967
-0.877653657,629.6460099
-0.877585375,630.039223
-0.855093822,630.4324362
-0.824149262,630.8256493
-0.805104996,631.2188624
-0.809048585,631.6120756
-0.82347016,632.0052887
-0.8260273,632.3985019
-0.80638677,632.791715
-0.775931976,633.1849281
-0.750313811,633.5781413
-0.739355058,633.9713544
-0.74583729,634.3645676
-0.754544846,634.7577807
-0.736047509,635.1509938
-0.672796371,635.544207
-0.5768372,635.9374201
-0.462795378,636.3306333
-0.334741476,636.7238464
-0.195495037,637.1170596
-0.048134213,637.5102727
0.106208871,637.9034858
0.266959191,638.296699
0.424689403,638.6899121
0.563608026,639.0831253
0.676221782,639.4763384
0.765860598,639.8695515
0.82965869,640.2627647
0.841953198,640.6559778
0.794425394,641.049191
0.697800784,641.4424041
0.556729853,641.8356172
0.380125068,642.2288304
0.189006922,642.6220435
0.000349903,643.0152567
-0.180553945,643.4084698
-0.350135706,643.801683
-0.504131803,644.1948961
-0.639755632,644.5881092
-0.757941858,644.9813224
-0.861657626,645.3745355
-0.947363652,645.7677487
-0.997730292,646.1609618
-1.003261161,646.5541749
-0.968498087,646.9473881
-0.897936242,647.3406012
-0.795949647,647.7338144
-0.667710389,648.1270275
-0.516969723,648.5202406
-0.333839826,648.9134538
-0.126813645,649.3066669
0.083218538,649.6998801
0.287521615,650.0930932
0.477202297,650.4863064
0.640329985,650.8795195
0.775788359,651.2727326
0.883268329,651.6659458
0.958826149,652.0591589
0.997239854,652.4523721
0.996206376,652.8455852
0.962895971,653.2387983
0.918041885,653.6320115
0.887018965,654.0252246
0.876175446,654.4184378
0.87780098,654.8116509
0.887210923,655.204864
0.899812661,655.5980772
0.911932224,655.9912903
0.925181836,656.3845035
0.940976275,656.7777166
0.959446896,657.1709298
0.980176105,657.5641429
1.000472256,657.957356
1.00931569,658.3505692
0.99814277,658.7437823
0.977976509,659.1369955
0.958347694,659.5302086
0.941732481,659.9234217
0.928537836,660.3166349
0.918785964,660.709848
0.912548729,661.1030612
0.910403182,661.4962743
0.914689672,661.8894874
0.932353178,662.2827006
0.973274726,662.6759137
1.025788353,663.0691269
1.052823072,663.46234
1.038405161,663.8555532
0.98618623,664.2487663
0.898640943,664.6419794
0.779338059,665.0351926
0.634192986,665.4284057
0.467944296,665.8216189
0.282307776,666.214832
0.083283555,666.6080451
-0.113965501,667.0012583
-0.300308452,667.3944714
-0.477196303,667.7876846
-0.634709827,668.1808977
-0.734466147,668.5741108
-0.772054056,668.967324
-0.764492279,669.3605371
-0.723880006,669.7537503
-0.65569354,670.1469634
-0.57217104,670.5401766
-0.50313831,670.9333897
-0.471197354,671.3266028
-0.467135031,671.719816
-0.481214866,672.1130291
-0.511448211,672.5062423
-0.555615166,672.8994554
-0.611042531,673.2926685
-0.669864738,673.6858817
-0.721506079,674.0790948
-0.767714986,674.472308
-0.81209427,674.8655211
-0.854261254,675.2587342
-0.888426685,675.6519474
-0.898327316,676.0451605
-0.875209599,676.4383737
-0.861309262,676.8315868
-0.879210706,677.2248
-0.899075545,677.6180131
-0.897137786,678.0112262
-0.865223674,678.4044394
-0.803632411,678.7976525
-0.720850215,679.1908657
-0.634108167,679.5840788
-0.561176531,679.9772919
-0.512775833,680.3705051
-0.49061971,680.7637182
-0.484338241,681.1569314
-0.474042482,681.5501445
-0.44786058,681.9433576
-0.408589129,682.3365708
-0.354806716,682.7297839
-0.285795509,683.1229971
-0.214759452,683.5162102
-0.162346153,683.9094234
-0.141537645,684.3026365
-0.150156638,684.6958496
-0.158086481,685.0890628
-0.125544151,685.4822759
-0.05090362,685.8754891
0.049828991,686.2687022
0.151336894,686.6619153
0.228514415,687.0551285
0.263933105,687.4483416
0.254844905,687.8415548
0.21158432,688.2347679
0.149951282,688.627981
0.08733658,689.0211942
0.035847083,689.4144073
-0.002012788,689.8076205
-0.029892447,690.2008336
-0.056416089,690.5940468
-0.098292246,690.9872599
-0.166856048,691.380473
-0.245140908,691.7736862
-0.309726097,692.1668993
-0.340537553,692.5601125
-0.322271226,692.9533256
-0.254378096,693.3465387
-0.159022276,693.7397519
-0.072365427,694.132965
-0.022386571,694.5261782
-0.019915711,694.9193913
-0.054158747,695.3126044
-0.099649663,695.7058176
-0.135443483,696.0990307
-0.151449065,696.4922439
-0.146015151,696.885457
-0.122718853,697.2786702
-0.087297893,697.6718833
-0.04482295,698.0650964
0.002584195,698.4583096
0.059964228,698.8515227
0.146195077,699.2447359
0.278657692,699.637949
0.441505316,700.0311621
0.605162252,700.4243753
0.743508537,700.8175884
0.830933873,701.2108016
0.848631413,701.6040147
0.802316676,701.9972278
0.711878795,702.390441
0.601795837,702.7836541
0.497943168,703.1768673
0.406277058,703.5700804
0.318041401,703.9632936
0.227278634,704.3565067
0.131998727,704.7497198
0.03277328,705.142933
-0.068284244,705.5361461
-0.169515992,705.9293593
-0.272759146,706.3225724
-0.377827708,706.7157855
-0.463906763,707.1089987
-0.51637918,707.5022118
-0.543103905,707.895425
-0.55271079,708.2886381
-0.541035428,708.6818512
-0.50082404,709.0750644
-0.43325822,709.4682775
-0.34517306,709.8614907
-0.23806453,710.2547038
-0.109460694,710.647917
0.029738634,711.0411301
0.161447889,711.4343432
0.279059361,711.8275564
0.3829377,712.2207695
0.472791265,712.6139827
0.549421361,713.0071958
0.61495991,713.4004089
0.65797138,713.7936221
0.66094382,714.1868352
0.628798695,714.5800484
0.584485323,714.9732615
0.532936201,715.3664746
0.468244993,715.7596878
0.394573648,716.1529009
0.322322129,716.5461141
0.248880302,716.9393272
0.164153446,717.3325404
0.075322341,717.7257535
0.008160943,718.1189666
-0.021846187,718.5121798
-0.015696455,718.9053929
0.023987832,719.2986061
0.096135796,719.6918192
0.202062414,720.0850323
0.347027877,720.4782455
0.530784391,720.8714586
0.730927876,721.2646718
0.89410646,721.6578849
0.981987628,722.051098
0.995366087,722.4443112
0.942496926,722.8375243
0.832525501,723.2307375
0.678282939,723.6239506
0.49746137,724.0171638
0.30418586,724.4103769
0.101769446,724.80359
-0.106397186,725.1968032
-0.317046205,725.5900163
-0.520004778,725.9832295
-0.687281138,726.3764426
-0.800429126,726.7696557
-0.866302142,727.1628689
-0.894229205,727.556082
-0.885861793,727.9492952
-0.843466081,728.3425083
-0.781267095,728.7357214
-0.725106876,729.1289346
-0.698096051,729.5221477
-0.699976308,729.9153609
-0.719210452,730.308574
-0.742177848,730.7017872
-0.739101941,731.0950003
-0.706471862,731.4882134
-0.662419424,731.8814266
-0.623673777,732.2746397
-0.60058382,732.6678529
-0.600206532,733.061066
-0.624846188,733.4542791
-0.651055299,733.8474923
-0.644819471,734.2407054
-0.605448814,734.6339186
-0.54859126,735.0271317
-0.480963761,735.4203448
-0.41415743,735.813558
-0.36285224,736.2067711
-0.33475534,736.5999843
-0.33192155,736.9931974
-0.352694057,737.3864106
-0.391572522,737.7796237
-0.437642277,738.1728368
-0.474360202,738.56605
-0.496289437,738.9592631
-0.531949145,739.3524763
-0.590927922,739.7456894
-0.656366816,740.1389025
-0.713420206,740.5321157
-0.751416978,740.9253288
-0.755566466,741.318542
-0.717827486,741.7117551
-0.630919102,742.1049682
-0.494682845,742.4981814
-0.315176824,742.8913945
-0.108955784,743.2846077
0.100302589,743.6778208
0.295548623,744.071034
0.465040265,744.4642471
0.596787052,744.8574602
0.680314967,745.2506734
0.70835195,745.6438865
0.67712597,746.0370997
0.588278996,746.4303128
0.451893359,746.8235259
0.284644674,747.2167391
0.109100653,747.6099522
-0.05995694,748.0031654
-0.221095388,748.3963785
-0.37583963,748.7895916
-0.53150429,749.1828048
-0.70377949,749.5760179
-0.866382405,749.9692311
-0.976335937,750.3624442
-1.016978828,750.7556574
-0.99068019,751.1488705
-0.908191802,751.5420836
-0.783077087,751.9352968
-0.62815192,752.3285099
-0.453377076,752.7217231
-0.265672803,753.1149362
-0.069945889,753.5081493
0.130206894,753.9013625
0.332640102,754.2945756
0.534514961,754.6877888
0.725083599,755.0810019
0.881991376,755.474215
0.985312079,755.8674282
1.0345413,756.2606413
1.034411076,756.6538545
0.98972477,757.0470676
0.914375198,757.4402808
0.839845283,757.8334939
0.783530098,758.226707
0.727306381,758.6199202
0.644518688,759.0131333
0.536286065,759.4063465
0.420097771,759.7995596
0.31172653,760.1927727
0.222141367,760.5859859
0.15874902,760.979199
0.127552773,761.3724122
0.135001964,761.7656253
0.179964162,762.1588384
0.239182891,762.5520516
0.285116437,762.9452647
0.299264894,763.3384779
0.28151215,763.731691
0.243767833,764.1249042
0.185718734,764.5181173
0.111060206,764.9113304
0.038022709,765.3045436
-0.023594082,765.6977567
-0.077590976,766.0909699
-0.134718015,766.484183
-0.194410236,766.8773961
-0.231155306,767.2706093
-0.226927439,767.6638224
-0.177798408,768.0570356
-0.08550909,768.4502487
0.045894256,768.8434618
0.210605398,769.236675
0.398633759,769.6298881
0.590674718,770.0231013
0.762725949,770.4163144
0.898443944,770.8095276
0.977714361,771.2027407
0.992173985,771.5959538
0.954656786,771.989167
0.884416105,772.3823801
0.806278478,772.7755933
0.740904732,773.1688064
0.68990064,773.5620195
0.650363622,773.9552327
0.622097104,774.3484458
0.607500127,774.741659
0.611200527,775.1348721
0.638390926,775.5280852
0.692028756,775.9212984
0.764771593,776.3145115
0.827118684,776.7077247
0.855726414,777.1009378
0.841642571,777.494151
0.782272353,777.8873641
0.687291638,778.2805772
0.567544366,778.6737904
0.431669341,779.0670035
0.30449827,779.4602167
0.212196525,779.8534298
0.158964774,780.2466429
0.127541165,780.6398561
0.100967312,781.0330692
0.07271633,781.4262824
0.042993071,781.8194955
0.015102056,782.2127086
-0.006878334,782.6059218
-0.020647219,782.9991349
-0.029241898,783.3923481
-0.044339097,783.7855612
-0.087799844,784.1787744
-0.180894977,784.5719875
-0.31326055,784.9652006
-0.465785698,785.3584138
-0.62203242,785.7516269
-0.757430453,786.1448401
-0.856350309,786.5380532
-0.917566122,786.9312663
-0.943247209,787.3244795
-0.939101675,787.7176926
-0.919847079,788.1109058
-0.904835775,788.5041189
-0.900305044,788.897332
-0.904445633,789.2905452
-0.916029499,789.6837583
-0.927737776,790.0769715
-0.929247285,790.4701846
-0.925434146,790.8633978
-0.921941761,791.2566109
-0.920509975,791.649824
-0.919994367,792.0430372
-0.917281987,792.4362503
-0.909827501,792.8294635
-0.902690106,793.2226766
-0.901742956,793.6158897
-0.907484237,794.0091029
-0.914376121,794.402316
-0.906425605,794.7955292
-0.870036789,795.1887423
-0.801939219,795.5819554
-0.703951227,795.9751686
-0.573616979,796.3683817
-0.402195134,796.7615949
-0.215741755,797.154808
-0.047337394,797.5480212
0.096435388,797.9412343
0.218614279,798.3344474
0.321419605,798.7276606
0.411267231,799.1208737
0.490205336,799.5140869
0.556358847,799.9073
0.606836635,800.3005131
0.639199188,800.6937263
0.6526144,801.0869394
0.649515079,801.4801526
0.638522748,801.8733657
0.637929511,802.2665788
0.668649752,802.659792
0.724680592,803.0530051
0.778874836,803.4462183
0.813413294,803.8394314
0.839636212,804.2326446
0.868700757,804.6258577
0.872070368,805.0190708
0.84379115,805.412284
0.804108567,805.8054971
0.770915848,806.1987103
0.755370193,806.5919234
0.757519086,806.9851365
0.770464157,807.3783497
0.773742143,807.7715628
0.750547487,808.164776
0.697782134,808.5579891
0.618726079,808.9512022
0.518482137,809.3444154
0.402150673,809.7376285
0.272921097,810.1308417
0.12695754,810.5240548
-0.052411207,810.917268
-0.267297733,811.3104811
-0.475657106,811.7036942
-0.62837845,812.0969074
-0.720899478,812.4901205
-0.776354348,812.8833337
-0.805151955,813.2765468
-0.810869624,813.6697599
-0.795584212,814.0629731
-0.762221058,814.4561862
-0.717837417,814.8493994
-0.678004564,815.2426125
-0.661968325,815.6358256
-0.67333732,816.0290388
-0.708606512,816.4222519
-0.762027712,816.8154651
-0.810868534,817.2086782
-0.834825964,817.6018914
-0.844104572,817.9951045
-0.851788113,818.3883176
-0.857945028,818.7815308
-0.850480642,819.1747439
-0.81458311,819.5679571
-0.761186848,819.9611702
-0.714446906,820.3543833
-0.683783349,820.7475965
-0.667999007,821.1408096
-0.669013058,821.5340228
-0.691307269,821.9272359
-0.716870011,822.320449
-0.719673576,822.7136622
-0.699783146,823.1068753
-0.678352573,823.5000885
-0.668511054,823.8933016
-0.669522759,824.2865148
-0.66833093,824.6797279
-0.649091642,825.072941
-0.619621552,825.4661542
-0.604829453,825.8593673
-0.609114797,826.2525805
-0.626963076,826.6457936
-0.655696816,827.0390067
-0.694071998,827.4322199
-0.741316257,827.825433
-0.796360831,828.2186462
-0.857774583,828.6118593
-0.923606057,829.0050724
-0.989315697,829.3982856
-1.042867188,829.7914987
-1.061612736,830.1847119
-1.045134321,830.577925
-1.01998901,830.9711382
-1.005708126,831.3643513
-1.000711183,831.7575644
-1.000780447,832.1507776
-1.007182302,832.5439907
-1.021172319,832.9372039
-1.028956964,833.330417
-1.01581835,833.7236301
-0.993691245,834.1168433
-0.9749925,834.5100564
-0.9636924,834.9032696
-0.963898429,835.2964827
-0.970687543,835.6896958
-0.964389915,836.082909
-0.931293316,836.4761221
-0.868005467,836.8693353
-0.775485436,837.2625484
-0.655818271,837.6557616
-0.511403611,838.0489747
-0.347099844,838.4421878
-0.172035011,838.835401
0.004107488,839.2286141
0.18272018,839.6218273
0.371350583,840.0150404
0.546081156,840.4082535
0.681173545,840.8014667
0.774118443,841.1946798
0.815649594,841.587893
0.785628508,841.9811061
0.68627235,842.3743192
0.529099755,842.7675324
0.325966357,843.1607455
0.097858941,843.5539587
-0.131438894,843.9471718
-0.3449645,844.340385
-0.522538178,844.7335981
-0.651807098,845.1268112
-0.742583111,845.5200244
-0.802994402,845.9132375
-0.836428543,846.3064507
-0.844599681,846.6996638
-0.825575511,847.0928769
-0.775963543,847.4860901
-0.708866091,847.8793032
-0.662849461,848.2725164
-0.655937012,848.6657295
-0.67297907,849.0589426
-0.684894751,849.4521558
-0.677225434,849.8453689
-0.645994992,850.2385821
-0.591456387,850.6317952
-0.526965679,851.0250084
-0.472216152,851.4182215
-0.415971378,851.8114346
-0.333162417,852.2046478
-0.214767313,852.5978609
-0.075129984,852.9910741
0.063857462,853.3842872
0.198552062,853.7775003
0.328625793,854.1707135
0.450669876,854.5639266
0.560002044,854.9571398
0.651704505,855.3503529
0.721581044,855.743566
0.767354575,856.1367792
0.793801006,856.5299923
0.82029189,856.9232055
0.863020001,857.3164186
0.915307986,857.7096318
0.967847188,858.1028449
1.010935609,858.496058
1.031810962,858.8892712
1.032169156,859.2824843
1.038200614,859.6756975
1.058034025,860.0689106
1.070709882,860.4621237
1.05462892,860.8553369
1.001864831,861.24855
0.912839791,861.6417632
0.79110353,862.0349763
0.640704542,862.4281895
0.464394495,862.8214026
0.267044973,863.2146157
0.066853169,863.6078289
-0.11954178,864.001042
-0.291977755,864.3942552
-0.452703715,864.7874683
-0.599303872,865.1806814
-0.726650408,865.5738946
-0.829061071,865.9671077
-0.901919949,866.3603209
-0.943560342,866.753534
-0.958409359,867.1467471
-0.961765461,867.5399603
-0.974174252,867.9331734
-0.995661513,868.3263866
-1.00515456,868.7195997
-0.983993065,869.1128129
-0.926896032,869.506026
-0.836461699,869.8992391
-0.717371111,870.2924523
-0.57293718,870.6856654
-0.401233563,871.0788786
-0.196366419,871.4720917
0.034834433,871.8653048
0.27430778,872.258518
0.496677966,872.6517311
0.674152442,873.0449443
0.789951826,873.4381574
0.853777197,873.8313705
0.880755054,874.2245837
0.874384175,874.6177968
0.8342277,875.01101
0.764023597,875.4042231
0.681754817,875.7974363
0.617069303,876.1906494
0.581232577,876.5838625
0.568531107,876.9770757
0.572640089,877.3702888
0.590878459,877.763502
0.623086182,878.1567151
0.66989402,878.5499282
0.732338604,878.9431414
0.812786471,879.3363545
0.906886535,879.7295677
0.985958346,880.1227808
1.01531281,880.5159939
0.992386495,880.9092071
0.94426648,881.3024202
0.902805842,881.6956334
0.876998572,882.0888465
0.861040618,882.4820597
0.851434073,882.8752728
0.845306344,883.2684859
0.840539828,883.6616991
0.837642008,884.0549122
0.837839669,884.4481254
0.842138986,884.8413385
0.851535348,885.2345516
0.867249253,885.6277648
0.891241414,886.0209779
0.927932586,886.4141911
0.985324969,886.8074042
1.057372597,887.2006173
1.107958572,887.5938305
1.105201635,887.9870436
1.048393374,888.3802568
0.953756059,888.7734699
0.832633811,889.1666831
0.687599803,889.5598962
0.517913858,889.9531093
0.322539709,890.3463225
0.10373851,890.7395356
-0.130377973,891.1327488
-0.356506186,891.5259619
-0.54409661,891.919175
-0.676305242,892.3123882
-0.747226865,892.7056013
-0.755111809,893.0988145
-0.699866873,893.4920276
-0.582833585,893.8852407
-0.408348484,894.2784539
-0.188788977,894.671667
0.047144149,895.0648802
0.269045823,895.4580933
0.470648472,895.8513065
0.650778279,896.2445196
0.806723458,896.6377327
0.934096721,897.0309459
1.026745959,897.424159
1.079194514,897.8173722
1.091510376,898.2105853
1.072473635,898.6037984
1.038152364,898.9970116
1.008977022,899.3902247
0.994803024,899.7834379
0.99036655,900.176651
0.990243034,900.5698641
0.992197594,900.9630773
0.995514865,901.3562904
1.001099636,901.7495036
1.01748212,902.1427167
1.063221453,902.5359299
1.104906836,902.929143
1.108356844,903.3223561
1.069322438,903.7155693
0.989688041,904.1087824
0.874652444,904.5019956
0.729674427,904.8952087
0.560072087,905.2884218
0.371457883,905.681635
0.169212674,906.0748481
-0.042422332,906.4680613
-0.261629936,906.8612744
-0.485842234,907.2544875
-0.697051289,907.6477007
-0.867077262,908.0409138
-0.976663541,908.434127
-1.014656242,908.8273401
-0.970502502,909.2205533
-0.838658893,909.6137664
-0.642753478,910.0069795
-0.42284221,910.4001927
-0.23898237,910.7934058
-0.102242136,911.186619
-0.001508931,911.5798321
0.058205718,911.9730452
0.07429531,912.3662584
0.065062526,912.7594715
0.048170836,913.1526847
0.029371128,913.5458978
0.010063215,913.9391109
-0.006615206,914.3323241
-0.015749361,914.7255372
-0.021171539,915.1187504
-0.021875332,915.5119635
-0.012348773,915.9051767
0.004410357,916.2983898
0.023972035,916.6916029
0.038140591,917.0848161
0.029311804,917.4780292
-0.013333483,917.8712424
-0.073155634,918.2644555
-0.132809436,918.6576686
-0.183195707,919.0508818
-0.217342709,919.4440949
-0.23567472,919.8373081
-0.243435209,920.2305212
-0.233259964,920.6237343
-0.206827175,921.0169475
-0.171205889,921.4101606
-0.130292209,921.8033738
-0.089824118,922.1965869
-0.065259838,922.5898001
-0.085372188,922.9830132
-0.162770064,923.3762263
-0.272508394,923.7694395
-0.389501758,924.1626526
-0.500019302,924.5558658
-0.590826745,924.9490789
-0.637509807,925.342292
-0.626110849,925.7355052
-0.585722757,926.1287183
-0.543838777,926.5219315
-0.503176524,926.9151446
-0.447092256,927.3083577
-0.379103116,927.7015709
-0.31040534,928.094784
-0.237337537,928.4879972
-0.156275094,928.8812103
-0.087016804,929.2744235
-0.051692634,929.6676366
-0.057106201,930.0608497
-0.103198166,930.4540629
-0.18491744,930.847276
-0.285531305,931.2404892
-0.376568453,931.6337023
-0.444029119,932.0269154
-0.490198769,932.4201286
-0.521566477,932.8133417
-0.549567866,933.2065549
-0.601935814,933.599768
-0.698753045,933.9929811
-0.818302045,934.3861943
-0.92706355,934.7794074
-0.999603529,935.1726206
-1.037013292,935.5658337
-1.043975688,935.9590469
-1.026203678,936.35226
-0.997691625,936.7454731
-0.980862347,937.1386863
-0.979236605,937.5318994
-0.983862378,937.9251126
-0.991142928,938.3183257
-1.000070979,938.7115388
-1.009811287,939.104752
-1.01866709,939.4979651
-1.026287414,939.8911783
-1.036876161,940.2843914
-1.043347379,940.6776045
-1.028365919,941.0708177
-0.981924635,941.4640308
-0.908323298,941.857244
-0.817110757,942.2504571
-0.710937314,942.6436703
-0.588403006,943.0368834
-0.449828874,943.4300965
-0.297840738,943.8233097
-0.13616453,944.2165228
0.030135918,944.609736
0.195645064,945.0029491
0.355434953,945.3961622
0.499194415,945.7893754
0.620835969,946.1825885
0.719500801,946.5758017
0.794257015,946.9690148
0.844642135,947.3622279
0.873042339,947.7554411
0.887441323,948.1486542
0.90042479,948.5418674
0.918488269,948.9350805
0.936256003,949.3282937
0.944711734,949.7215068
0.943382642,950.1147199
0.940156213,950.5079331
0.940023399,950.9011462
0.943291301,951.2943594
0.949243205,951.6875725
0.957733862,952.0807856
0.969870935,952.4739988
0.986692739,952.8672119
0.998840781,953.2604251
0.992863513,953.6536382
0.978152731,954.0468513
0.967629757,954.4400645
0.968523849,954.8332776
0.98952707,955.2264908
1.021334624,955.6197039
1.035155289,956.0129171
1.015349116,956.4061302
0.958898423,956.7993433
0.868617922,957.1925565
0.748500792,957.5857696
0.602577805,957.9789828
0.434144224,958.3721959
0.245197408,958.765409
0.042537066,959.1586222
-0.153049028,959.5518353
-0.31909193,959.9450485
-0.441937186,960.3382616
-0.515310991,960.7314747
-0.538918293,961.1246879
-0.517337564,961.517901
-0.459468975,961.9111142
-0.376360958,962.3043273
-0.277563511,962.6975405
-0.176512198,963.0907536
-0.103327479,963.4839667
-0.084315376,963.8771799
-0.115822393,964.270393
-0.174977962,964.6636062
-0.239645735,965.0568193
-0.298649227,965.4500324
-0.346907026,965.8432456
-0.37919804,966.2364587
-0.384001535,966.6296719
-0.346099809,967.022885
-0.267314902,967.4160981
-0.164436816,967.8093113
-0.052779822,968.2025244
0.056653748,968.5957376
0.150175643,968.9889507
0.204912023,969.3821639
0.202461886,969.775377
0.142517405,970.1685901
0.03186283,970.5618033
-0.110749659,970.9550164
-0.262401073,971.3482296
-0.403184343,971.7414427
-0.513827876,972.1346558
-0.583046478,972.527869
-0.616161339,972.9210821
-0.622066088,973.3142953
-0.604509241,973.7075084
-0.565179111,974.1007215
-0.509254966,974.4939347
-0.453049489,974.8871478
-0.421374651,975.280361
-0.421938887,975.6735741
-0.45003296,976.0667873
-0.502086619,976.4600004
-0.575621243,976.8532135
-0.667472348,977.2464267
-0.771890921,977.6396398
-0.878387721,978.032853
-0.970662236,978.4260661
-1.030163389,978.8192792
-1.051142673,979.2124924
-1.041665883,979.6057055
-1.016914965,979.9989187
-0.993013313,980.3921318
-0.97523213,980.7853449
-0.962506439,981.1785581
-0.95429175,981.5717712
-0.937426338,981.9649844
-0.893055964,982.3581975
-0.816006556,982.7514107
-0.70945859,983.1446238
-0.578481419,983.5378369
-0.428411541,983.9310501
-0.264729814,984.3242632
-0.092357444,984.7174764
0.084881062,985.1106895
0.264857364,985.5039026
0.44787915,985.8971158
0.63529267,986.2903289
0.815468733,986.6835421
0.959064455,987.0767552
1.043558611,987.4699683
1.060038061,987.8631815
1.007352551,988.2563946
0.886911077,988.6496078
0.702756325,989.0428209
0.476039324,989.4360341
0.249099512,989.8292472
0.050005822,990.2224603
-0.115802019,990.6156735
-0.244579801,991.0088866
-0.330885992,991.4020998
-0.371478717,991.7953129
-0.374356745,992.188526
-0.359595779,992.5817392
-0.339865002,992.9749523
-0.313314032,993.3681655
-0.271757584,993.7613786
-0.213240427,994.1545917
-0.152517898,994.5478049
-0.105382124,994.941018
-0.066377994,995.3342312
-0.021185792,995.7274443
0.039559468,996.1206575
0.104614888,996.5138706
0.15006568,996.9070837
0.173536372,997.3002969
0.185851213,997.69351
0.19004669,998.0867232
0.1855079,998.4799363
0.170800368,998.8731494
0.141399798,999.2663626
0.086147664,999.6595757
-0.014211039,1000.052789
-0.174880246,1000.446002
-0.378010357,1000.839215
-0.578351086,1001.232428
-0.741622545,1001.625641
-0.848833549,1002.018855
-0.889401638,1002.412068
-0.856966572,1002.805281
-0.748929232,1003.198494
-0.573919845,1003.591707
-0.368629464,1003.98492
-0.188925562,1004.378133
-0.064906165,1004.771347
0.011668765,1005.16456
0.057205378,1005.557773
0.082051218,1005.950986
0.091158684,1006.344199
0.085692433,1006.737412
0.062475154,1007.130625
0.015095052,1007.523839
-0.056483443,1007.917052
-0.14073284,1008.310265
-0.210100692,1008.703478
-0.237991246,1009.096691
-0.219645278,1009.489904
-0.157421525,1009.883117
-0.059195129,1010.276331
0.064271578,1010.669544
0.202872295,1011.062757
0.340276561,1011.45597
0.456059771,1011.849183
0.544394475,1012.242396
0.618422402,1012.635609
0.689907205,1013.028823
0.763004264,1013.422036
0.837382482,1013.815249
0.911315667,1014.208462
0.981199203,1014.601675
1.031878,1014.994888
1.040046427,1015.388101
0.999078846,1015.781315
0.927848478,1016.174528
0.855426335,1016.567741
0.783472327,1016.960954
0.700226343,1017.354167
0.599192092,1017.74738
0.477234182,1018.140593
0.338789493,1018.533806
0.195381375,1018.92702
0.062183226,1019.320233
-0.038753105,1019.713446
-0.091421947,1020.106659
-0.100326007,1020.499872
-0.079949326,1020.893085
-0.043121888,1021.286298
0.000344676,1021.679512
0.040014477,1022.072725
0.058142344,1022.465938
0.03577624,1022.859151
-0.016011938,1023.252364
-0.067736844,1023.645577
-0.09372977,1024.03879
-0.09046735,1024.432004
-0.078861856,1024.825217
-0.066444113,1025.21843
-0.047726625,1025.611643
-0.018432147,1026.004856
0.026827415,1026.398069
0.096885161,1026.791282
0.202891208,1027.184496
0.350733487,1027.577709
0.528662203,1027.970922
0.707060302,1028.364135
0.853878054,1028.757348
0.946571348,1029.150561
0.989119714,1029.543774
0.997027123,1029.936988
0.982067198,1030.330201
0.958482694,1030.723414
0.931734058,1031.116627
0.887778556,1031.50984
0.816252091,1031.903053
0.717283288,1032.296266
0.595348759,1032.68948
0.45477785,1033.082693
0.298717503,1033.475906
0.130135163,1033.869119
-0.046389914,1034.262332
-0.218248178,1034.655545
-0.362806561,1035.048758
-0.463820315,1035.441972
-0.528394579,1035.835185
-0.576708496,1036.228398
-0.622395612,1036.621611
-0.66052504,1037.014824
-0.670652994,1037.408037
-0.646760292,1037.80125
-0.5963543,1038.194464
-0.523569432,1038.587677
-0.446774597,1038.98089
-0.377817072,1039.374103
-0.319689093,1039.767316
-0.275779305,1040.160529
-0.251696503,1040.553742
-0.256294473,1040.946956
-0.299737348,1041.340169
-0.379441748,1041.733382
-0.466824384,1042.126595
-0.526819168,1042.519808
-0.539957676,1042.913021
-0.511295849,1043.306234
-0.459172299,1043.699448
-0.392379454,1044.092661
-0.30789598,1044.485874
-0.197176008,1044.879087
-0.063328815,1045.2723
0.073366832,1045.665513
0.20405828,1046.058726
0.323544515,1046.45194
0.412727922,1046.845153
0.459296738,1047.238366
0.459171665,1047.631579
0.409571472,1048.024792
0.30739542,1048.418005
0.151094911,1048.811218
-0.05259977,1049.204432
-0.275435789,1049.597645
-0.474465224,1049.990858
-0.628048545,1050.384071
-0.737252709,1050.777284
-0.810463166,1051.170497
-0.853536866,1051.56371
-0.867686461,1051.956924
-0.852627978,1052.350137
-0.813277989,1052.74335
-0.771527228,1053.136563
-0.755432891,1053.529776
-0.772478678,1053.922989
-0.806697944,1054.316202
-0.833151532,1054.709415
-0.839454165,1055.102629
-0.822453301,1055.495842
-0.782824274,1055.889055
-0.721680158,1056.282268
-0.63878284,1056.675481
-0.532435512,1057.068694
-0.397369253,1057.461907
-0.228624165,1057.855121
-0.035727588,1058.248334
0.162937538,1058.641547
0.352057144,1059.03476
0.524084741,1059.427973
0.675175595,1059.821186
0.801437192,1060.214399
0.898131903,1060.607613
0.960168863,1061.000826
0.985466353,1061.394039
0.983892946,1061.787252
0.979433502,1062.180465
0.982914459,1062.573678
0.987252664,1062.966891
0.98915955,1063.360105
0.989051159,1063.753318
0.988296936,1064.146531
0.987833689,1064.539744
0.987450156,1064.932957
0.9894977,1065.32617
1.00501858,1065.719383
1.04568654,1066.112597
1.09338944,1066.50581
1.113261813,1066.899023
1.088883466,1067.292236
1.02071596,1067.685449
0.914513618,1068.078662
0.776678067,1068.471875
0.613257326,1068.865089
0.429759772,1069.258302
0.231247102,1069.651515
0.024294691,1070.044728
-0.183935078,1070.437941
-0.389090736,1070.831154
-0.589127158,1071.224367
-0.776390225,1071.617581
-0.925194465,1072.010794
-1.016580446,1072.404007
-1.058160035,1072.79722
-1.055966621,1073.190433
-1.011991052,1073.583646
-0.94096553,1073.976859
-0.878692638,1074.370073
-0.844159423,1074.763286
-0.828009469,1075.156499
-0.820129473,1075.549712
-0.817463366,1075.942925
-0.819932321,1076.336138
-0.82812024,1076.729351
-0.84235589,1077.122565
-0.861345905,1077.515778
-0.884712156,1077.908991
-0.913220335,1078.302204
-0.946260632,1078.695417
-0.979702116,1079.08863
-1.001660355,1079.481843
-0.999653157,1079.875057
-0.984697054,1080.26827
-0.977448428,1080.661483
-0.977795048,1081.054696
-0.981846193,1081.447909
-0.990667164,1081.841122
-1.008728729,1082.234335
-1.032806461,1082.627549
-1.044088473,1083.020762
-1.026201913,1083.413975
-0.973965247,1083.807188
-0.899183329,1084.200401
-0.821361164,1084.593614
-0.7512657,1084.986827
-0.693928925,1085.380041
-0.656609512,1085.773254
-0.645260358,1086.166467
-0.656970448,1086.55968
-0.679792495,1086.952893
-0.691806936,1087.346106
-0.675065536,1087.739319
-0.625363747,1088.132532
-0.544564043,1088.525746
-0.438363981,1088.918959
-0.322749374,1089.312172
-0.216947202,1089.705385
-0.128900738,1090.098598
-0.050427031,1090.491811
0.029944981,1090.885024
0.107215672,1091.278238
0.169245496,1091.671451
0.209551205,1092.064664
0.228286501,1092.457877
0.223889365,1092.85109
0.197689342,1093.244303
0.158281829,1093.637516
0.117060244,1094.03073
0.091245413,1094.423943
0.101036807,1094.817156
0.164042925,1095.210369
0.280563755,1095.603582
0.428843652,1095.996795
0.579517383,1096.390008
0.704976528,1096.783222
0.779460977,1097.176435
0.787482983,1097.569648
0.729231828,1097.962861
0.623976088,1098.356074
0.497826926,1098.749287
0.370812356,1099.1425
0.260734155,1099.535714
0.183963285,1099.928927
0.145880361,1100.32214
0.141023213,1100.715353
0.157469447,1101.108566
0.181933705,1101.501779
0.203353931,1101.894992
0.217482364,1102.288206
0.223599037,1102.681419
0.215947366,1103.074632
0.171207131,1103.467845
0.075102861,1103.861058
-0.053990217,1104.254271
-0.192109133,1104.647484
-0.321620919,1105.040698
-0.430728821,1105.433911
-0.505036875,1105.827124
-0.525465337,1106.220337
-0.484788038,1106.61355
-0.388027258,1107.006763
-0.240458617,1107.399976
-0.047061452,1107.79319
0.18354484,1108.186403
0.43052102,1108.579616
0.656665801,1108.972829
0.831847787,1109.366042
0.942116354,1109.759255
0.980866119,1110.152468
0.94426126,1110.545682
0.824754249,1110.938895
0.610666634,1111.332108
0.364774799,1111.725321
0.151778338,1112.118534
-0.010055234,1112.511747
-0.118205532,1112.90496
-0.183420976,1113.298174
-0.225634077,1113.691387
-0.257839061,1114.0846
-0.284686999,1114.477813
-0.307923274,1114.871026
-0.327873524,1115.264239
-0.337611496,1115.657452
-0.324681872,1116.050666
-0.286929131,1116.443879
-0.236318706,1116.837092
-0.183884897,1117.230305
-0.129207925,1117.623518
-0.069471814,1118.016731
-0.014213336,1118.409944
0.017600798,1118.803158
0.025594866,1119.196371
0.049361855,1119.589584
0.091049918,1119.982797
0.133731356,1120.37601
0.155736958,1120.769223
0.128034616,1121.162436
0.043230518,1121.555649
-0.075849218,1121.948863
-0.200513896,1122.342076
-0.313696058,1122.735289
-0.402373571,1123.128502
-0.450221257,1123.521715
-0.444775948,1123.914928
-0.385713748,1124.308141
-0.278239886,1124.701355
-0.1281776,1125.094568
0.056854613,1125.487781
0.261988431,1125.880994
0.465232683,1126.274207
0.650572085,1126.66742
0.815279624,1127.060633
0.953990401,1127.453847
1.051408,1127.84706
1.089475729,1128.240273
1.056451724,1128.633486
0.957065496,1129.026699
0.816697659,1129.419912
0.659584533,1129.813125
0.495926341,1130.206339
0.324610801,1130.599552
0.147002587,1130.992765
-0.029731289,1131.385978
-0.200350377,1131.779191
-0.362480556,1132.172404
-0.513193188,1132.565617
-0.648322056,1132.958831
-0.763419978,1133.352044
-0.854892258,1133.745257
-0.918817609,1134.13847
-0.954057734,1134.531683
-0.965386742,1134.924896
-0.964508131,1135.318109
-0.960144892,1135.711323
-0.955920167,1136.104536
-0.952898941,1136.497749
-0.951302781,1136.890962
-0.951279128,1137.284175
-0.952972423,1137.677388
-0.956651486,1138.070601
-0.963500441,1138.463815
-0.977271709,1138.857028
-0.999641994,1139.250241
-1.018648687,1139.643454
-1.017618029,1140.036667
-0.985403111,1140.42988
-0.916001523,1140.823093
-0.815612093,1141.216307
-0.706158275,1141.60952
-0.604234549,1142.002733
-0.516711404,1142.395946
-0.446334365,1142.789159
-0.393581587,1143.182372
-0.356136161,1143.575585
-0.336301519,1143.968799
-0.337854462,1144.362012
-0.362167584,1144.755225
-0.406749427,1145.148438
-0.47070575,1145.541651
-0.555882017,1145.934864
-0.66076945,1146.328077
-0.779628086,1146.721291
-0.897087743,1147.114504
-0.990482337,1147.507717
-1.053470009,1147.90093
-1.091808853,1148.294143
-1.103558831,1148.687356
-1.087174672,1149.080569
-1.047529003,1149.473783
-0.980662577,1149.866996
-0.881868559,1150.260209
-0.749884836,1150.653422
-0.589224664,1151.046635
-0.419262763,1151.439848
-0.263400728,1151.833061
-0.131245464,1152.226275
-0.015136478,1152.619488
0.095547974,1153.012701
0.201784927,1153.405914
0.300152436,1153.799127
0.388184872,1154.19234
0.461899684,1154.585553
0.523562724,1154.978766
0.580068469,1155.37198
0.616373845,1155.765193
0.621054911,1156.158406
0.599134286,1156.551619
0.560079342,1156.944832
0.506102898,1157.338045
0.437849981,1157.731258
0.355588052,1158.124472
0.256604094,1158.517685
0.13161228,1158.910898
-0.032169344,1159.304111
-0.231542337,1159.697324
-0.440112604,1160.090537
-0.620538847,1160.48375
-0.753134551,1160.876964
-0.839734239,1161.270177
-0.885311549,1161.66339
-0.8935438,1162.056603
-0.866866399,1162.449816
-0.807739667,1162.843029
-0.730020673,1163.236242
-0.665439824,1163.629456
-0.626901746,1164.022669
-0.614768016,1164.415882
-0.625733722,1164.809095
-0.65594213,1165.202308
-0.693946307,1165.595521
-0.725300919,1165.988734
-0.740704531,1166.381948
-0.735417836,1166.775161
-0.705645086,1167.168374
-0.645026218,1167.561587
-0.543403224,1167.9548
-0.393600836,1168.348013
-0.205789726,1168.741226
-0.004136039,1169.13444
0.186742153,1169.527653
0.345919537,1169.920866
0.474899459,1170.314079
0.587260551,1170.707292
0.6837882,1171.100505
0.760204048,1171.493718
0.812422319,1171.886932
0.837146472,1172.280145
0.835225727,1172.673358
0.815567251,1173.066571
0.784814232,1173.459784
0.736246862,1173.852997
0.670985204,1174.24621
0.596786776,1174.639424
0.524266473,1175.032637
0.464304813,1175.42585
0.426086136,1175.819063
0.414881605,1176.212276
0.421343438,1176.605489
0.418389612,1176.998702
0.3862555,1177.391916
0.325000307,1177.785129
0.25231108,1178.178342
0.185288373,1178.571555
0.123838012,1178.964768
0.063396204,1179.357981
-0.001782736,1179.751194
-0.07575742,1180.144408
-0.16137258,1180.537621
-0.262355696,1180.930834
-0.384758342,1181.324047
-0.526382295,1181.71726
-0.667830552,1182.110473
-0.794039139,1182.503686
-0.894690101,1182.8969
-0.963272202,1183.290113
-0.99826906,1183.683326
-1.005206663,1184.076539
-0.999331554,1184.469752
-0.996431617,1184.862965
-0.999317916,1185.256178
-1.005824238,1185.649392
-1.011835239,1186.042605
-1.009859447,1186.435818
-1.001948809,1186.829031
-0.995111139,1187.222244
-0.991706456,1187.615457
-0.99047422,1188.00867
-0.990224082,1188.401883
-0.989877282,1188.795097
-0.989608652,1189.18831
-0.989419135,1189.581523
-0.989309672,1189.974736
-0.989281207,1190.367949
-0.989334683,1190.761162
-0.989471041,1191.154375
-0.989691224,1191.547589
-0.989996176,1191.940802
-0.990386839,1192.334015
