r_r_VM,Time
-0.498387544,0.111770835
-0.533198342,0.504983977
-0.570540256,0.898197118
-0.606448898,1.291410259
-0.611090201,1.6846234
-0.627007397,2.077836541
-0.641848039,2.471049682
-0.637789978,2.864262824
-0.610616713,3.257475965
-0.566831276,3.650689106
-0.507138841,4.043902247
-0.437265265,4.437115388
-0.356650367,4.83032853
-0.261118124,5.223541671
-0.150547383,5.616754812
-0.034631363,6.009967953
0.066799709,6.403181094
0.138070638,6.796394235
0.178609943,7.189607377
0.203751242,7.582820518
0.222424898,7.976033659
0.229651878,8.3692468
0.208631462,8.762459941
0.128584471,9.155673083
-0.01407429,9.548886224
-0.190171773,9.942099365
-0.363505983,10.33531251
-0.514352814,10.72852565
-0.630114884,11.12173879
-0.693766789,11.51495193
-0.688296164,11.90816507
-0.615195999,12.30137821
-0.48555464,12.69459135
-0.312010608,13.08780449
-0.107704595,13.48101764
0.108515731,13.87423078
0.317418336,14.26744392
0.509670971,14.66065706
0.681138256,15.0538702
0.827705238,15.44708334
0.944814381,15.84029648
1.028059373,16.23350962
1.074601703,16.62672277
1.087391192,17.01993591
1.081189814,17.41314905
1.070856519,17.80636219
1.045530161,18.19957533
0.987535056,18.59278847
0.888702197,18.98600161
0.74853959,19.37921475
0.583694341,19.77242789
0.423907319,20.16564104
0.275510428,20.55885418
0.116424432,20.95206732
-0.048967452,21.34528046
-0.213543865,21.7384936
-0.372395508,22.13170674
-0.523283662,22.52491988
-0.671271314,22.91813302
-0.811695123,23.31134617
-0.91625244,23.70455931
-0.966431864,24.09777245
-0.957649798,24.49098559
-0.895344765,24.88419873
-0.795750549,25.27741187
-0.685010363,25.67062501
-0.576330376,26.06383815
-0.461036374,26.45705129
-0.327376721,26.85026444
-0.159501569,27.24347758
0.042978362,27.63669072
0.256512414,28.02990386
0.438304553,28.423117
0.556899955,28.81633014
0.62479767,29.20954328
0.655361866,29.60275642
0.65828697,29.99596957
0.636551785,30.38918271
0.594582819,30.78239585
0.55383218,31.17560899
0.54081026,31.56882213
0.557466627,31.96203527
0.5943841,32.35524841
0.630471605,32.74846155
0.646165202,33.14167469
0.635697093,33.53488784
0.602614117,33.92810098
0.552811886,34.32131412
0.49008445,34.71452726
0.409405786,35.1077404
0.290839861,35.50095354
0.123412802,35.89416668
-0.097447453,36.28737982
-0.363354371,36.68059297
-0.61576823,37.07380611
-0.805471573,37.46701925
-0.918004377,37.86023239
-0.953670878,38.25344553
-0.914681718,38.64665867
-0.804322504,39.03987181
-0.629378203,39.43308495
-0.403715901,39.82629809
-0.150475265,40.21951124
0.105760682,40.61272438
0.34919711,41.00593752
0.559341113,41.39915066
0.71599049,41.7923638
0.809862195,42.18557694
0.837337401,42.57879008
0.795907076,42.97200322
0.68268523,43.36521637
0.497621252,43.75842951
0.254876847,44.15164265
-0.00133745,44.54485579
-0.21625597,44.93806893
-0.386183231,45.33128207
-0.521586909,45.72449521
-0.618000755,46.11770835
-0.667392207,46.51092149
-0.674033674,46.90413464
-0.648264424,47.29734778
-0.59735096,47.69056092
-0.528017305,48.08377406
-0.451689356,48.4769872
-0.389334747,48.87020034
-0.365726835,49.26341348
-0.384145671,49.65662662
-0.424324669,50.04983977
-0.465068467,50.44305291
-0.494621675,50.83626605
-0.506304371,51.22947919
-0.492420801,51.62269233
-0.443782035,52.01590547
-0.356806531,52.40911861
-0.234639982,52.80233175
-0.080428925,53.1955449
0.092424155,53.58875804
0.268078906,53.98197118
0.439427656,54.37518432
0.596257973,54.76839746
0.729372007,55.1616106
0.835413533,55.55482374
0.911822233,55.94803688
0.956595773,56.34125002
0.972634466,56.73446317
0.97609058,57.12767631
0.965407886,57.52088945
0.935916401,57.91410259
0.894580884,58.30731573
0.853276685,58.70052887
0.820704138,59.09374201
0.798681594,59.48695515
0.786090858,59.8801683
0.781464397,60.27338144
0.783943011,60.66659458
0.791686455,61.05980772
0.79704167,61.45302086
0.801228652,61.846234
0.81672356,62.23944714
0.845911073,62.63266028
0.873746674,63.02587342
0.88086931,63.41908657
0.859251501,63.81229971
0.809443653,64.20551285
0.734986593,64.59872599
0.635623924,64.99193913
0.492941762,65.38515227
0.309641872,65.77836541
0.108108004,66.17157855
-0.101010785,66.5647917
-0.297699708,66.95800484
-0.478700162,67.35121798
-0.647968773,67.74443112
-0.794963125,68.13764426
-0.899028596,68.5308574
-0.941525259,68.92407054
-0.91429064,69.31728368
-0.823058017,69.71049682
-0.682765046,70.10370997
-0.51637802,70.49692311
-0.353030748,70.89013625
-0.208619518,71.28334939
-0.079176304,71.67656253
0.041070993,72.06977567
0.154715314,72.46298881
0.263973615,72.85620195
0.373172029,73.2494151
0.485739826,73.64262824
0.591614026,74.03584138
0.666975226,74.42905452
0.704239044,74.82226766
0.688370512,75.2154808
0.620651075,75.60869394
0.521776758,76.00190708
0.408790449,76.39512022
0.288027583,76.78833337
0.159149442,77.18154651
0.018199022,77.57475965
-0.14508153,77.96797279
-0.344791138,78.36118593
-0.567515013,78.75439907
-0.775609977,79.14761221
-0.931162609,79.54082535
-1.020204374,79.9340385
-1.036514578,80.32725164
-0.976111277,80.72046478
-0.841205556,81.11367792
-0.646435392,81.50689106
-0.420417525,81.9001042
-0.190120735,82.29331734
0.038569537,82.68653048
0.269442813,83.07974363
0.490841836,83.47295677
0.679946922,83.86616991
0.819090174,84.25938305
0.89578947,84.65259619
0.901219758,85.04580933
0.842754502,85.43902247
0.742717381,85.83223561
0.624364787,86.22544875
0.517794118,86.6186619
0.433009584,87.01187504
0.361529533,87.40508818
0.287572591,87.79830132
0.208093013,88.19151446
0.122804801,88.5847276
0.029120653,88.97794074
-0.074654226,89.37115388
-0.179338035,89.76436703
-0.262683679,90.15758017
-0.313371004,90.55079331
-0.344757664,90.94400645
-0.373911787,91.33721959
-0.400922729,91.73043273
-0.421180857,92.12364587
-0.428711134,92.51685901
-0.412344677,92.91007215
-0.352493957,93.3032853
-0.239077766,93.69649844
-0.084264603,94.08971158
0.090492444,94.48292472
0.263801301,94.87613786
0.426864078,95.269351
0.576754272,95.66256414
0.704832568,96.05577728
0.801104132,96.44899043
0.863381532,96.84220357
0.897691205,97.23541671
0.918334265,97.62862985
0.938312666,98.02184299
0.958160755,98.41505613
0.976845246,98.80826927
0.985971784,99.20148241
0.975409923,99.59469555
0.93151527,99.9879087
0.852507762,100.3811218
0.744251213,100.774335
0.613527444,101.1675481
0.466534152,101.5607613
0.312016456,101.9539744
0.159652799,102.3471875
0.009840528,102.7404007
-0.136469383,103.1336138
-0.279327866,103.526827
-0.424470872,103.9200401
-0.575260309,104.3132532
-0.713895774,104.7064664
-0.816123146,105.0996795
-0.868361124,105.4928927
-0.864687448,105.8861058
-0.805610434,106.279319
-0.7039769,106.6725321
-0.587190373,107.0657452
-0.463067687,107.4589584
-0.328913251,107.8521715
-0.183202094,108.2453847
-0.026238882,108.6385978
0.138240437,109.0318109
0.305552627,109.4250241
0.471315749,109.8182372
0.627037727,110.2114504
0.758747748,110.6046635
0.860215967,110.9978766
0.928233845,111.3910898
0.964020059,111.7843029
0.979086063,112.1775161
0.996854192,112.5707292
1.028026925,112.9639424
1.056514833,113.3571555
1.057036965,113.7503686
1.01632399,114.1435818
0.931127491,114.5367949
0.806281564,114.9300081
0.659633995,115.3232212
0.511930579,115.7164343
0.376824267,116.1096475
0.263946112,116.5028606
0.174319606,116.8960738
0.094814081,117.2892869
0.010115419,117.6825
-0.075297079,118.0757132
-0.143087041,118.4689263
-0.180091032,118.8621395
-0.179088598,119.2553526
-0.136995936,119.6485658
-0.055902292,120.0417789
0.056539556,120.434992
0.187879298,120.8282052
0.310946447,121.2214183
0.38742352,121.6146315
0.401300129,122.0078446
0.34921223,122.4010577
0.244399704,122.7942709
0.135151643,123.187484
0.058799413,123.5806972
0.020043589,123.9739103
0.009879372,124.3671234
0.013585862,124.7603366
0.017636726,125.1535497
0.024773714,125.5467629
0.054220169,125.939976
0.118267553,126.3331892
0.215837379,126.7264023
0.345922503,127.1196154
0.502800386,127.5128286
0.665758326,127.9060417
0.811068052,128.2992549
0.916413941,128.692468
0.954864847,129.0856811
0.911209703,129.4788943
0.806687416,129.8721074
0.671170133,130.2653206
0.538857608,130.6585337
0.444294584,131.0517468
0.386553643,131.44496
0.353004248,131.8381731
0.343861764,132.2313863
0.362297637,132.6245994
0.409768464,133.0178126
0.480061128,133.4110257
0.560687319,133.8042388
0.6401828,134.197452
0.709235991,134.5906651
0.75646455,134.9838783
0.763767964,135.3770914
0.718800488,135.7703045
0.633773192,136.1635177
0.527516447,136.5567308
0.416835296,136.949944
0.320611444,137.3431571
0.248279198,137.7363702
0.186985508,138.1295834
0.128638692,138.5227965
0.074793399,138.9160097
0.022409138,139.3092228
-0.028410868,139.702436
-0.074862491,140.0956491
-0.118707257,140.4888622
-0.165433076,140.8820754
-0.225012512,141.2752885
-0.304915615,141.6685017
-0.405918074,142.0617148
-0.525052457,142.4549279
-0.652814731,142.8481411
-0.774934253,143.2413542
-0.877378859,143.6345674
-0.948851457,144.0277805
-0.990521262,144.4209936
-1.009636575,144.8142068
-1.016025866,145.2074199
-1.023693974,145.6006331
-1.045762153,145.9938462
-1.075640122,146.3870594
-1.091622971,146.7802725
-1.080761882,147.1734856
-1.036174028,147.5666988
-0.954708598,147.9599119
-0.838686304,148.3531251
-0.693210607,148.7463382
-0.524325374,149.1395513
-0.33805684,149.5327645
-0.139231814,149.9259776
0.068453706,150.3191908
0.276617177,150.7124039
0.474785794,151.105617
0.657067677,151.4988302
0.820695085,151.8920433
0.959737174,152.2852565
1.063391142,152.6784696
1.114961013,153.0716828
1.098396381,153.4648959
1.01181927,153.858109
0.873886634,154.2513222
0.711732386,154.6445353
0.53705705,155.0377485
0.350107965,155.4309616
0.150098209,155.8241747
-0.064269338,156.2173879
-0.288590628,156.610601
-0.496121436,157.0038142
-0.656387716,157.3970273
-0.750532409,157.7902404
-0.772314258,158.1834536
-0.741103896,158.5766667
-0.675407618,158.9698799
-0.582478293,159.363093
-0.472897766,159.7563062
-0.360095523,160.1495193
-0.260052374,160.5427324
-0.191023023,160.9359456
-0.169009653,161.3291587
-0.190716489,161.7223719
-0.227626882,162.115585
-0.260188654,162.5087981
-0.280625404,162.9020113
-0.296359983,163.2952244
-0.325915662,163.6884376
-0.375095938,164.0816507
-0.430413374,164.4748638
-0.467611618,164.868077
-0.478055344,165.2612901
-0.460130984,165.6545033
-0.414733943,166.0477164
-0.355500411,166.4409296
-0.284860734,166.8341427
-0.195590539,167.2273558
-0.097409329,167.620569
-0.015505111,168.0137821
0.033564486,168.4069953
0.044284846,168.8002084
0.020906125,169.1934215
-0.017021923,169.5866347
-0.04957612,169.9798478
-0.083903814,170.373061
-0.128727879,170.7662741
-0.186229,171.1594873
-0.253868547,171.5527004
-0.318123073,171.9459135
-0.366589927,172.3391267
-0.399430543,172.7323398
-0.422593667,173.125553
-0.430874513,173.5187661
-0.418886057,173.9119792
-0.389924465,174.3051924
-0.352224163,174.6984055
-0.316911663,175.0916187
-0.292652411,175.4848318
-0.276517084,175.8780449
-0.254117947,176.2712581
-0.221145508,176.6644712
-0.189294304,177.0576844
-0.172871466,177.4508975
-0.176486407,177.8441107
-0.185533209,178.2373238
-0.174231205,178.6305369
-0.120775822,179.0237501
-0.023445734,179.4169632
0.108151341,179.8101764
0.258239843,180.2033895
0.403209979,180.5966026
0.524770081,180.9898158
0.618605861,181.3830289
0.687191582,181.7762421
0.741779576,182.1694552
0.781023064,182.5626683
0.809788582,182.9558815
0.844590773,183.3490946
0.891144648,183.7423078
0.930103016,184.1355209
0.930790297,184.5287341
0.87417692,184.9219472
0.761660862,185.3151603
0.608739161,185.7083735
0.435287956,186.1015866
0.251872212,186.4947998
0.062617717,186.8880129
-0.127171394,187.281226
-0.306339696,187.6744392
-0.471347964,188.0676523
-0.621185438,188.4608655
-0.752790714,188.8540786
-0.861243482,189.2472917
-0.939129394,189.6405049
-0.982509319,190.033718
-1.003337851,190.4269312
-1.004450456,190.8201443
-0.98728675,191.2133575
-0.961929347,191.6065706
-0.944300828,191.9997837
-0.940991265,192.3929969
-0.947138038,192.78621
-0.95850773,193.1794232
-0.970641406,193.5726363
-0.980461336,193.9658494
-0.988502352,194.3590626
-0.993615,194.7522757
-0.992317707,195.1454889
-0.984393323,195.538702
-0.977355478,195.9319151
-0.973382447,196.3251283
-0.971468146,196.7183414
-0.971274691,197.1115546
-0.973599171,197.5047677
-0.981803741,197.8979809
-0.999681638,198.291194
-1.011328363,198.6844071
-0.995003626,199.0776203
-0.963695118,199.4708334
-0.932462119,199.8640466
-0.905667764,200.2572597
-0.884891,200.6504728
-0.871623229,201.043686
-0.867073681,201.4368991
-0.868116379,201.8301123
-0.861111068,202.2233254
-0.830586476,202.6165385
-0.772133042,203.0097517
-0.697307349,203.4029648
-0.621756188,203.796178
-0.555098571,204.1893911
-0.502198977,204.5826043
-0.465597586,204.9758174
-0.446590604,205.3690305
-0.44513189,205.7622437
-0.458981232,206.1554568
-0.478814599,206.54867
-0.478104681,206.9418831
-0.461759868,207.3350962
-0.43627643,207.7283094
-0.418667429,208.1215225
-0.42424675,208.5147357
-0.454144977,208.9079488
-0.499569328,209.3011619
-0.543784226,209.6943751
-0.57320022,210.0875882
-0.592407037,210.4808014
-0.611269696,210.8740145
-0.626138222,211.2672277
-0.626230639,211.6604408
-0.603020258,212.0536539
-0.559838084,212.4468671
-0.513335087,212.8400802
-0.480150554,213.2332934
-0.470105618,213.6265065
-0.481982328,214.0197196
-0.491506917,214.4129328
-0.456636025,214.8061459
-0.379835707,215.1993591
-0.289119375,215.5925722
-0.220089079,215.9857853
-0.187174494,216.3789985
-0.189108589,216.7722116
-0.225971911,217.1654248
-0.298964847,217.5586379
-0.399627154,217.9518511
-0.504409253,218.3450642
-0.58381549,218.7382773
-0.613508509,219.1314905
-0.584685376,219.5247036
-0.500779212,219.9179168
-0.391046683,220.3111299
-0.289959531,220.704343
-0.216356181,221.0975562
-0.173160113,221.4907693
-0.151409056,221.8839825
-0.136934403,222.2771956
-0.124432538,222.6704087
-0.119636689,223.0636219
-0.136037202,223.456835
-0.187240031,223.8500482
-0.274316385,224.2432613
-0.389651603,224.6364745
-0.525584093,225.0296876
-0.670920781,225.4229007
-0.806594125,225.8161139
-0.914663305,226.209327
-0.988607061,226.6025402
-1.025379447,226.9957533
-1.022156159,227.3889664
-0.989039959,227.7821796
-0.950779992,228.1753927
-0.921935432,228.5686059
-0.915664891,228.961819
-0.930845667,229.3550321
-0.939328712,229.7482453
-0.931222453,230.1414584
-0.912740212,230.5346716
-0.888008193,230.9278847
-0.856784009,231.3210979
-0.822328718,231.714311
-0.791182009,232.1075241
-0.764810347,232.5007373
-0.742798095,232.8939504
-0.724788199,233.2871636
-0.710566677,233.6803767
-0.700651925,234.0735898
-0.69651628,234.466803
-0.700718278,234.8600161
-0.71550256,235.2532293
-0.737217197,235.6464424
-0.75709719,236.0396555
-0.772874981,236.4328687
-0.789593936,236.8260818
-0.797896373,237.219295
-0.784045019,237.6125081
-0.763479794,238.0057213
-0.748507703,238.3989344
-0.740099002,238.7921475
-0.739589395,239.1853607
-0.752427221,239.5785738
-0.778744649,239.971787
-0.810801598,240.3650001
-0.838146977,240.7582132
-0.851506544,241.1514264
-0.844263594,241.5446395
-0.811704352,241.9378527
-0.749038666,242.3310658
-0.653914473,242.7242789
-0.540523072,243.1174921
-0.427311928,243.5107052
-0.32180106,243.9039184
-0.233061662,244.2971315
-0.171592196,244.6903447
-0.141477748,245.0835578
-0.141990512,245.4767709
-0.172094096,245.8699841
-0.231647821,246.2631972
-0.321452361,246.6564104
-0.442088245,247.0496235
-0.58490498,247.4428366
-0.724638058,247.8360498
-0.834549173,248.2292629
-0.896773914,248.6224761
-0.902528896,249.0156892
-0.849543354,249.4089023
-0.740003918,249.8021155
-0.58083293,250.1953286
-0.387201676,250.5885418
-0.18348984,250.9817549
0.018296911,251.3749681
0.22306101,251.7681812
0.429937523,252.1613943
0.617726012,252.5546075
0.758575969,252.9478206
0.837311527,253.3410338
0.845836966,253.7342469
0.776935563,254.12746
0.633587666,254.5206732
0.445100485,254.9138863
0.250156397,255.3070995
0.079001724,255.7003126
-0.056550486,256.0935257
-0.154241601,256.4867389
-0.212921619,256.879952
-0.231034805,257.2731652
-0.206305347,257.6663783
-0.135700982,258.0595915
-0.017348738,258.4528046
0.1426006,258.8460177
0.324711255,259.2392309
0.503588995,259.632444
0.651229028,260.0256572
0.735081106,260.4188703
0.738222328,260.8120834
0.673779207,261.2052966
0.565826047,261.5985097
0.436336977,261.9917229
0.312390423,262.384936
0.22228996,262.7781491
0.172015041,263.1713623
0.154580574,263.5645754
0.164453008,263.9577886
0.20078379,264.3510017
0.259489588,264.7442149
0.326339444,265.137428
0.388804733,265.5306411
0.438773344,265.9238543
0.467981215,266.3170674
0.464088704,266.7102806
0.413738851,267.1034937
0.312188976,267.4967068
0.1640407,267.88992
-0.020503138,268.2831331
-0.224121951,268.6763463
-0.423015855,269.0695594
-0.600312923,269.4627725
-0.751271563,269.8559857
-0.875752784,270.2491988
-0.974250047,270.642412
-1.045222137,271.0356251
-1.082574163,271.4288383
-1.077949437,271.8220514
-1.027281069,272.2152645
-0.939064922,272.6084777
-0.834309125,273.0016908
-0.733010536,273.394904
-0.646153109,273.7881171
-0.574848813,274.1813302
-0.516400399,274.5745434
-0.474401021,274.9677565
-0.453950857,275.3609697
-0.458554786,275.7541828
-0.488708009,276.1473959
-0.535035295,276.5406091
-0.58270482,276.9338222
-0.620371328,277.3270354
-0.640567724,277.7202485
-0.638040375,278.1134617
-0.606115992,278.5066748
-0.537898686,278.8998879
-0.435941479,279.2931011
-0.31041791,279.6863142
-0.164054181,280.0795274
-0.003018875,280.4727405
0.157420076,280.8659536
0.303798064,281.2591668
0.434431723,281.6523799
0.551432285,282.0455931
0.65214315,282.4388062
0.730246894,282.8320193
0.787754993,283.2252325
0.826258363,283.6184456
0.83558197,284.0116588
0.813005469,284.4048719
0.76069702,284.7980851
0.68503598,285.1912982
0.606249583,285.5845113
0.542387143,285.9777245
0.498675329,286.3709376
0.470741321,286.7641508
0.44987015,287.1573639
0.435368264,287.550577
0.435012665,287.9437902
0.442270806,288.3370033
0.441657711,288.7302165
0.425117706,289.1234296
0.390847262,289.5166427
0.340367417,289.9098559
0.276409527,290.303069
0.200068828,290.6962822
0.107396428,291.0894953
-0.014413153,291.4827085
-0.176547976,291.8759216
-0.364971497,292.2691347
-0.55008808,292.6623479
-0.698595077,293.055561
-0.789329222,293.4487742
-0.828644978,293.8419873
-0.832435288,294.2352004
-0.812035002,294.6284136
-0.77053614,295.0216267
-0.703454965,295.4148399
-0.609463846,295.808053
-0.49568517,296.2012661
-0.369804349,296.5944793
-0.233902522,296.9876924
-0.091035276,297.3809056
0.055817513,297.7741187
0.206355529,298.1673319
0.354472227,298.560545
0.474870818,298.9537581
0.54832548,299.3469713
0.575979486,299.7401844
0.581042875,300.1333976
0.584558064,300.5266107
0.589595359,300.9198238
0.586791328,301.313037
0.568341231,301.7062501
0.537577049,302.0994633
0.506744624,302.4926764
0.493971955,302.8858895
0.506506919,303.2791027
0.53018826,303.6723158
0.549218495,304.065529
0.554752804,304.4587421
0.541002584,304.8519553
0.500391593,305.2451684
0.429083075,305.6383815
0.34436413,306.0315947
0.253586596,306.4248078
0.147937339,306.818021
0.037654086,307.2112341
-0.051738112,307.6044472
-0.091987556,307.9976604
-0.078017018,308.3908735
-0.030912664,308.7840867
0.029210396,309.1772998
0.092260945,309.5705129
0.153485058,309.9637261
0.208504609,310.3569392
0.248197826,310.7501524
0.254745471,311.1433655
0.212879795,311.5365787
0.12450081,311.9297918
-0.00476004,312.3230049
-0.169963418,312.7162181
-0.361770004,313.1094312
-0.558675624,313.5026444
-0.72972179,313.8958575
-0.865897683,314.2890706
-0.969878882,314.6822838
-1.041574659,315.0754969
-1.079856447,315.4687101
-1.082993235,315.8619232
-1.049247015,316.2551363
-0.99121264,316.6483495
-0.921387233,317.0415626
-0.850210219,317.4347758
-0.778415628,317.8279889
-0.688778475,318.2212021
-0.57644781,318.6144152
-0.44484222,319.0076283
-0.300825288,319.4008415
-0.1532128,319.7940546
-0.015936834,320.1872678
0.096235402,320.5804809
0.172333849,320.973694
0.206661107,321.3669072
0.197890522,321.7601203
0.147723511,322.1533335
0.060574448,322.5465466
-0.056288007,322.9397597
-0.192013261,323.3329729
-0.332022359,323.726186
-0.464231209,324.1193992
-0.592789898,324.5126123
-0.722066863,324.9058255
-0.846779077,325.2990386
-0.951398269,325.6922517
-1.020168701,326.0854649
-1.055244902,326.478678
-1.060259747,326.8718912
-1.0394856,327.2651043
-0.999860291,327.6583174
-0.949160591,328.0515306
-0.890445875,328.4447437
-0.818821017,328.8379569
-0.72699331,329.23117
-0.611096156,329.6243831
-0.472777195,330.0175963
-0.317636226,330.4108094
-0.151365747,330.8040226
0.020622391,331.1972357
0.193347128,331.5904489
0.362613363,331.983662
0.523665399,332.3768751
0.666057192,332.7700883
0.772018291,333.1633014
0.826521675,333.5565146
0.82628539,333.9497277
0.774366077,334.3429408
0.670327052,334.736154
0.519448153,335.1293671
0.347640312,335.5225803
0.187481841,335.9157934
0.065575689,336.3090065
-0.004034664,336.7022197
-0.039863196,337.0954328
-0.066463842,337.488646
-0.094703797,337.8818591
-0.126275856,338.2750723
-0.158097516,338.6682854
-0.187425618,339.0614985
-0.213241416,339.4547117
-0.237415283,339.8479248
-0.266664185,340.241138
-0.313082863,340.6343511
-0.388122975,341.0275642
-0.493460607,341.4207774
-0.615392362,341.8139905
-0.742269736,342.2072037
-0.868035067,342.6004168
-0.97502035,342.9936299
-1.038074175,343.3868431
-1.049967921,343.7800562
-1.021417537,344.1732694
-0.974532541,344.5664825
-0.938993123,344.9596957
-0.922000051,345.3529088
-0.917330909,345.7461219
-0.92453417,346.1393351
-0.943859354,346.5325482
-0.95996027,346.9257614
-0.955993455,347.3189745
-0.931930309,347.7121876
-0.901030918,348.1054008
-0.873047404,348.4986139
-0.850455766,348.8918271
-0.830521828,349.2850402
-0.807424373,349.6782533
-0.786152114,350.0714665
-0.774233516,350.4646796
-0.772520038,350.8578928
-0.778358702,351.2511059
-0.782975808,351.6443191
-0.791781343,352.0375322
-0.807984594,352.4307453
-0.832228298,352.8239585
-0.864864531,353.2171716
-0.905298711,353.6103848
-0.950153031,354.0035979
-0.988812667,354.396811
-1.006327145,354.7900242
-1.007412191,355.1832373
-1.012538689,355.5764505
-1.023127744,355.9696636
-1.016255014,356.3628767
-0.974811083,356.7560899
-0.891519539,357.149303
-0.772870223,357.5425162
-0.640455162,357.9357293
-0.512748423,358.3289425
-0.399015974,358.7221556
-0.300953319,359.1153687
-0.22120589,359.5085819
-0.173242983,359.901795
-0.159512526,360.2950082
-0.181818479,360.6882213
-0.238063791,361.0814344
-0.310788959,361.4746476
-0.377275096,361.8678607
-0.433037947,362.2610739
-0.488554595,362.654287
-0.549890588,363.0475001
-0.61037275,363.4407133
-0.649832673,363.8339264
-0.655096436,364.2271396
-0.631424016,364.6203527
-0.590530721,365.0135659
-0.551968219,365.406779
-0.532755229,365.7999921
-0.535299331,366.1932053
-0.557441539,366.5864184
-0.598486214,366.9796316
-0.658652855,367.3728447
-0.738229404,367.7660578
-0.836241028,368.159271
-0.943164775,368.5524841
-1.03112509,368.9456973
-1.066508071,369.3389104
-1.036458569,369.7321235
-0.953193882,370.1253367
-0.843396574,370.5185498
-0.73343096,370.911763
-0.636036498,371.3049761
-0.557557774,371.6981893
-0.502897056,372.0914024
-0.470541752,372.4846155
-0.442368547,372.8778287
-0.400545744,373.2710418
-0.339724556,373.664255
-0.262745016,374.0574681
-0.17507616,374.4506812
-0.082319675,374.8438944
0.010538689,375.2371075
0.100236864,375.6303207
0.187938726,376.0235338
0.283812747,376.4167469
0.406282582,376.8099601
0.568782203,377.2031732
0.762550537,377.5963864
0.940412021,377.9895995
1.050481833,378.3828127
1.072267992,378.7760258
1.012144706,379.1692389
0.880327846,379.5624521
0.691867145,379.9556652
0.475916897,380.3488784
0.270988799,380.7420915
0.098116163,381.1353046
-0.038195914,381.5285178
-0.135886496,381.9217309
-0.193999901,382.3149441
-0.211838053,382.7081572
-0.190064366,383.1013703
-0.130995433,383.4945835
-0.034044036,383.8877966
0.101447592,384.2810098
0.273192882,384.6742229
0.469228381,385.0674361
0.659282029,385.4606492
0.80758393,385.8538623
0.909952025,386.2470755
0.978588702,386.6402886
1.023795311,387.0335018
1.061160936,387.4267149
1.089122125,387.819928
1.090511453,388.2131412
1.059112945,388.6063543
0.993481218,388.9995675
0.894688644,389.3927806
0.765568936,389.7859937
0.609182335,390.1792069
0.428031749,390.57242
0.222101478,390.9656332
-0.0053909,391.3588463
-0.235553973,391.7520595
-0.443920152,392.1452726
-0.611951444,392.5384857
-0.727625975,392.9316989
-0.782704165,393.324912
-0.769326911,393.7181252
-0.68198688,394.1113383
-0.529700681,394.5045514
-0.330719901,394.8977646
-0.105573826,395.2909777
0.113894093,395.6841909
0.299618364,396.077404
0.440018574,396.4706171
0.529837122,396.8638303
0.564955523,397.2570434
0.537002498,397.6502566
0.448504601,398.0434697
0.317969242,398.4366829
0.163118212,398.829896
0.004458249,399.2231091
-0.132153408,399.6163223
-0.228390955,400.0095354
-0.277438522,400.4027486
-0.276725936,400.7959617
-0.226597261,401.1891748
-0.128628141,401.582388
0.022751805,401.9756011
0.20673914,402.3688143
0.392546715,402.7620274
0.554047252,403.1552405
0.67790573,403.5484537
0.750170868,403.9416668
0.759364052,404.33488
0.705540165,404.7280931
0.592090969,405.1213063
0.427251183,405.5145194
0.232037818,405.9077325
0.025696227,406.3009457
-0.185219532,406.6941588
-0.387126477,407.087372
-0.5631029,407.4805851
-0.707700733,407.8737982
-0.821734219,408.2670114
-0.904497437,408.6602245
-0.953796475,409.0534377
-0.965753021,409.4466508
-0.93893704,409.8398639
-0.898339816,410.2330771
-0.867509607,410.6262902
-0.856805642,411.0195034
-0.862059419,411.4127165
-0.878461435,411.8059297
-0.901197687,412.1991428
-0.923555991,412.5923559
-0.938826902,412.9855691
-0.941547741,413.3787822
-0.925566272,413.7719954
-0.879178432,414.1652085
-0.784119204,414.5584216
-0.634061641,414.9516348
-0.458285577,415.3448479
-0.295874333,415.7380611
-0.165783431,416.1312742
-0.0714318,416.5244873
-0.012155573,416.9177005
0.013098132,417.3109136
0.005207393,417.7041268
-0.034910605,418.0973399
-0.105832845,418.4905531
-0.205802215,418.8837662
-0.330891896,419.2769793
-0.472110578,419.6701925
-0.618034991,420.0634056
-0.757345129,420.4566188
-0.880276032,420.8498319
-0.978020654,421.243045
-1.042410478,421.6362582
-1.0701485,422.0294713
-1.072024257,422.4226845
-1.070610439,422.8158976
-1.07808669,423.2091107
-1.074856225,423.6023239
-1.04184905,423.995537
-0.975433304,424.3887502
-0.878593379,424.7819633
-0.755980558,425.1751765
-0.611652337,425.5683896
-0.446332216,425.9616027
-0.258565508,426.3548159
-0.060903624,426.748029
0.129217214,427.1412422
0.300419885,427.5344553
0.439565012,427.9276684
0.534503713,428.3208816
0.57993275,428.7140947
0.572387034,429.1073079
0.506230707,429.500521
0.37606169,429.8937341
0.193094925,430.2869473
-0.007033696,430.6801604
-0.18329621,431.0733736
-0.308954774,431.4665867
-0.387898402,431.8597999
-0.441537744,432.253013
-0.481446073,432.6462261
-0.508773326,433.0394393
-0.520754598,433.4326524
-0.514971002,433.8258656
-0.495612371,434.2190787
-0.478223401,434.6122918
-0.47263138,435.005505
-0.485568817,435.3987181
-0.528701534,435.7919313
-0.587744733,436.1851444
-0.63338948,436.5783575
-0.655410193,436.9715707
-0.647380186,437.3647838
-0.603839175,437.757997
-0.518464668,438.1512101
-0.390435725,438.5444233
-0.229581805,438.9376364
-0.052279697,439.3308495
0.114269287,439.7240627
0.246330458,440.1172758
0.347284836,440.510489
0.430754692,440.9037021
0.49780922,441.2969152
0.51955243,441.6901284
0.48649916,442.0833415
0.399313652,442.4765547
0.261135478,442.8697678
0.079613199,443.2629809
-0.125413724,443.6561941
-0.314410409,444.0494072
-0.458188479,444.4426204
-0.54963416,444.8358335
-0.583102018,445.2290467
-0.563114137,445.6222598
-0.504555568,446.0154729
-0.428568045,446.4086861
-0.350521967,446.8018992
-0.274033133,447.1951124
-0.191359094,447.5883255
-0.083058315,447.9815386
0.067527963,448.3747518
0.245445756,448.7679649
0.407668526,449.1611781
0.514076049,449.5543912
0.56605647,449.9476043
0.565315288,450.3408175
0.513124886,450.7340306
0.415085458,451.1272438
0.281888651,451.5204569
0.127871049,451.9136701
-0.034057404,452.3068832
-0.195337585,452.7000963
-0.346737824,453.0933095
-0.476849695,453.4865226
-0.588381884,453.8797358
-0.693997265,454.2729489
-0.792038977,454.666162
-0.869307301,455.0593752
-0.90425797,455.4525883
-0.873244388,455.8458015
-0.776839496,456.2390146
-0.63953432,456.6322277
-0.48167531,457.0254409
-0.311132986,457.418654
-0.13309289,457.8118672
0.046407236,458.2050803
0.221271558,458.5982935
0.387219287,458.9915066
0.54189982,459.3847197
0.673906688,459.7779329
0.760611114,460.171146
0.792615093,460.5643592
0.773009866,460.9575723
0.703833518,461.3507854
0.585103111,461.7439986
0.438683354,462.1372117
0.281735465,462.5304249
0.115837951,462.923638
-0.048944376,463.3168511
-0.198976087,463.7100643
-0.333812407,464.1032774
-0.455715349,464.4964906
-0.563046187,464.8897037
-0.652982058,465.2829169
-0.723419925,465.67613
-0.774952164,466.0693431
-0.808867278,466.4625563
-0.819242162,466.8557694
-0.813709899,467.2489826
-0.814882963,467.6421957
-0.839211198,468.0354088
-0.881384155,468.428622
-0.931404018,468.8218351
-0.978601917,469.2150483
-1.006820661,469.6082614
-1.004403602,470.0014745
-0.991095253,470.3946877
-0.990787399,470.7879008
-1.0085691,471.181114
-1.025710113,471.5743271
-1.017401614,471.9675403
-0.969488612,472.3607534
-0.888213023,472.7539665
-0.800768484,473.1471797
-0.726581248,473.5403928
-0.666522085,473.933606
-0.602819828,474.3268191
-0.518495802,474.7200322
-0.416556977,475.1132454
-0.30237181,475.5064585
-0.17813643,475.8996717
-0.04688495,476.2928848
0.087335438,476.6860979
0.220069841,477.0793111
0.347132562,477.4725242
0.46549391,477.8657374
0.571922339,478.2589505
0.654982617,478.6521637
0.711939624,479.0453768
0.767265676,479.4385899
0.831877045,479.8318031
0.893908119,480.2250162
0.924877362,480.6182294
0.895560648,481.0114425
0.805940831,481.4046556
0.675103649,481.7978688
0.522610842,482.1910819
0.353482829,482.5842951
0.16460787,482.9775082
-0.040565671,483.3707213
-0.238638809,483.7639345
-0.40276005,484.1571476
-0.502254809,484.5503608
-0.554229738,484.9435739
-0.589075493,485.3367871
-0.612522128,485.7300002
-0.632746127,486.1232133
-0.660214962,486.5164265
-0.682319416,486.9096396
-0.668844581,487.3028528
-0.610343209,487.6960659
-0.513862334,488.089279
-0.395232188,488.4824922
-0.270394016,488.8757053
-0.14566804,489.2689185
-0.022721678,489.6621316
0.091406531,490.0553447
0.186707704,490.4485579
0.264000473,490.841771
0.340574571,491.2349842
0.438491204,491.6281973
0.560594862,492.0214105
0.69291857,492.4146236
0.791470029,492.8078367
0.845214521,493.2010499
0.871014784,493.594263
0.881144634,493.9874762
0.891043225,494.3806893
0.897948894,494.7739024
0.906401486,495.1671156
0.912769758,495.5603287
0.906874569,495.9535419
0.882310823,496.346755
0.837669032,496.7399681
0.779396366,497.1331813
0.711561277,497.5263944
0.625203871,497.9196076
0.511747516,498.3128207
0.375993024,498.7060339
0.225743965,499.099247
0.06626832,499.4924601
-0.097667332,499.8856733
-0.261290157,500.2788864
-0.419678065,500.6720996
-0.565243902,501.0653127
-0.684021986,501.4585258
-0.759379269,501.851739
-0.79167235,502.2449521
-0.804262834,502.6381653
-0.803467355,503.0313784
-0.798705888,503.4245915
-0.801829863,503.8178047
-0.815115235,504.2110178
-0.823892991,504.604231
-0.807797926,504.9974441
-0.757493731,505.3906573
-0.675940415,505.7838704
-0.606522463,506.1770835
-0.56246045,506.5702967
-0.542640779,506.9635098
-0.545862057,507.356723
-0.570435556,507.7499361
-0.612318259,508.1431492
-0.656145025,508.5363624
-0.674262473,508.9295755
-0.643072949,509.3227887
-0.559699247,509.7160018
-0.449645854,510.1092149
-0.345897731,510.5024281
-0.26763198,510.8956412
-0.219519193,511.2888544
-0.200147179,511.6820675
-0.200056682,512.0752807
-0.202555656,512.4684938
-0.198869745,512.8617069
-0.190210257,513.2549201
-0.195305712,513.6481332
-0.24955065,514.0413464
-0.337131808,514.4345595
-0.444626882,514.8277726
-0.563819849,515.2209858
-0.683846673,515.6141989
-0.791570837,516.0074121
-0.871367327,516.4006252
-0.911699509,516.7938384
-0.916675089,517.1870515
-0.903833012,517.5802646
-0.896243229,517.9734778
-0.903490041,518.3666909
-0.910714485,518.7599041
-0.901676425,519.1531172
-0.878956694,519.5463303
-0.855589493,519.9395435
-0.837668031,520.3327566
-0.824819831,520.7259698
-0.815532209,521.1191829
-0.811701818,521.512396
-0.813717125,521.9056092
-0.822051874,522.2988223
-0.843199445,522.6920355
-0.880885408,523.0852486
-0.928002995,523.4784618
-0.96874873,523.8716749
-0.978934615,524.264888
-0.949435182,524.6581012
-0.883586285,525.0513143
-0.78844687,525.4445275
-0.669486819,525.8377406
-0.523854812,526.2309537
-0.341446078,526.6241669
-0.133787548,527.01738
0.066779233,527.4105932
0.243115639,527.8038063
0.399373342,528.1970194
0.53877893,528.5902326
0.659553983,528.9834457
0.757573365,529.3766589
0.8281188,529.769872
0.867599947,530.1630852
0.877930776,530.5562983
0.874565569,530.9495114
0.88038864,531.3427246
0.904447155,531.7359377
0.931636872,532.1291509
0.932561915,532.522364
0.894730258,532.9155771
0.817816102,533.3087903
0.702761883,533.7020034
0.548906018,534.0952166
0.363879402,534.4884297
0.17402557,534.8816428
0.007037444,535.274856
-0.140222297,535.6680691
-0.272719711,536.0612823
-0.391114408,536.4544954
-0.493769821,536.8477086
-0.577201591,537.2409217
-0.637329606,537.6341348
-0.670756271,538.027348
-0.676689849,538.4205611
-0.66061795,538.8137743
-0.637508529,539.2069874
-0.621299108,539.6002005
-0.617504683,539.9934137
-0.629904957,540.3866268
-0.660407736,540.77984
-0.708222686,541.1730531
-0.769607702,541.5662662
-0.834305222,541.9594794
-0.881622109,542.3526925
-0.892804706,542.7459057
-0.878192862,543.1391188
-0.870871937,543.532332
-0.872502668,543.9255451
-0.876749448,544.3187582
-0.883183584,544.7119714
-0.892705381,545.1051845
-0.906276683,545.4983977
-0.92507912,545.8916108
-0.951075446,546.2848239
-0.985316358,546.6780371
-1.014085111,547.0712502
-1.008782341,547.4644634
-0.979811994,547.8576765
-0.94978452,548.2508896
-0.925981706,548.6441028
-0.906780017,549.0373159
-0.890921406,549.4305291
-0.878155177,549.8237422
-0.868586889,550.2169554
-0.862390255,550.6101685
-0.859641663,551.0033816
-0.859463097,551.3965948
-0.8603971,551.7898079
-0.864570175,552.1830211
-0.874167045,552.5762342
-0.889488342,552.9694473
-0.910268801,553.3626605
-0.93585194,553.7558736
-0.964175746,554.1490868
-0.989207996,554.5422999
-0.999462943,554.935513
-0.995223731,555.3287262
-1.00990552,555.7219393
-1.05868034,556.1151525
-1.109273806,556.5083656
-1.12103656,556.9015788
-1.084308599,557.2947919
-1.003341849,557.688005
-0.884634499,558.0812182
-0.734810742,558.4744313
-0.560215473,558.8676445
-0.366360389,559.2608576
-0.15804599,559.6540707
0.057460961,560.0472839
0.267555185,560.440497
0.460726842,560.8337102
0.633893654,561.2269233
0.785023834,561.6201364
0.909637512,562.0133496
1.002374198,562.4065627
1.058034461,562.7997759
1.072004487,563.192989
1.041812927,563.5862022
0.98262921,563.9794153
0.937804194,564.3726284
0.92106029,564.7658416
0.914787226,565.1590547
0.911112698,565.5522679
0.909626482,565.945481
0.910131305,566.3386941
0.911975642,566.7319073
0.917615763,567.1251204
0.925826799,567.5183336
0.932645144,567.9115467
0.933599987,568.3047598
0.930817641,568.697973
0.930845829,569.0911861
0.934543271,569.4843993
0.940206528,569.8776124
0.947158159,570.2708256
0.955742354,570.6640387
0.967409198,571.0572518
0.98476872,571.450465
1.003488608,571.8436781
1.000614744,572.2368913
0.969495134,572.6301044
0.925191116,573.0233175
0.876358613,573.4165307
0.826230689,573.8097438
0.776046398,574.202957
0.728529136,574.5961701
0.689072853,574.9893832
0.659552304,575.3825964
0.641606745,575.7758095
0.635211812,576.1690227
0.639396096,576.5622358
0.653807741,576.955449
0.678714863,577.3486621
0.711564214,577.7418752
0.747695355,578.1350884
0.791572163,578.5283015
0.847493363,578.9215147
0.914973637,579.3147278
0.979080988,579.7079409
1.01125156,580.1011541
1.013833775,580.4943672
0.997787125,580.8875804
0.956954932,581.2807935
0.887830764,581.6740066
0.791089818,582.0672198
0.669647349,582.4604329
0.525018208,582.8536461
0.354357334,583.2468592
0.165374223,583.6400724
-0.02400578,584.0332855
-0.201330431,584.4264986
-0.360031609,584.8197118
-0.494719745,585.2129249
-0.595924018,585.6061381
-0.654954153,585.9993512
-0.680094464,586.3925643
-0.68612951,586.7857775
-0.661762991,587.1789906
-0.599704803,587.5722038
-0.507305422,587.9654169
-0.386062035,588.35863
-0.238075511,588.7518432
-0.084012381,589.1450563
0.053131656,589.5382695
0.164475659,589.9314826
0.252253944,590.3246958
0.320776358,590.7179089
0.375881564,591.111122
0.431978631,591.5043352
0.497413511,591.8975483
0.567417912,592.2907615
0.637206389,592.6839746
0.705835284,593.0771877
0.771849674,593.4704009
0.823104559,593.863614
0.845977464,594.2568272
0.859776852,594.6500403
0.888246976,595.0432534
0.92140668,595.4364666
0.943713619,595.8296797
0.944160045,596.2228929
0.906770209,596.616106
0.80758251,597.0093192
0.641973169,597.4025323
0.439427681,597.7957454
0.240208138,598.1889586
0.068350878,598.5821717
-0.066247765,598.9753849
-0.158906416,599.368598
-0.205571112,599.7618111
-0.202807825,600.1550243
-0.156323945,600.5482374
-0.083694555,600.9414506
-0.001271961,601.3346637
0.080461822,601.7278768
0.154571654,602.12109
0.21148258,602.5143031
0.236687733,602.9075163
0.235030317,603.3007294
0.220954428,603.6939426
0.19906903,604.0871557
0.16967395,604.4803688
0.135686994,604.873582
0.102684086,605.2667951
0.083455724,605.6600083
0.086038724,606.0532214
0.101450837,606.4464345
0.118371298,606.8396477
0.135508351,607.2328608
0.152974797,607.626074
0.163285769,608.0192871
0.147687788,608.4125002
0.089072597,608.8057134
-0.00559544,609.1989265
-0.116406814,609.5921397
-0.227519228,609.9853528
-0.323706085,610.378566
-0.38299644,610.7717791
-0.384742323,611.1649922
-0.334528078,611.5582054
-0.257709131,611.9514185
-0.171061626,612.3446317
-0.087132628,612.7378448
-0.026016736,613.1310579
0.00052959,613.5242711
-0.009359223,613.9174842
-0.059254563,614.3106974
-0.146825716,614.7039105
-0.257937145,615.0971236
-0.377329285,615.4903368
-0.491432783,615.8835499
-0.586348647,616.2767631
-0.642111931,616.6699762
-0.639822925,617.0631894
-0.589374984,617.4564025
-0.511029476,617.8496156
-0.41708146,618.2428288
-0.316637,618.6360419
-0.222566664,619.0292551
-0.155453146,619.4224682
-0.131818714,619.8156813
-0.149040222,620.2088945
-0.194834046,620.6021076
-0.256887914,620.9953208
-0.334240185,621.3885339
-0.429712364,621.781747
-0.541145595,622.1749602
-0.65837746,622.5681733
-0.765897315,622.9613865
-0.849271287,623.3545996
-0.900231801,623.7478128
-0.917420514,624.1410259
-0.907565445,624.534239
-0.890979161,624.9274522
-0.888681321,625.3206653
-0.886492625,625.7138785
-0.86336826,626.1070916
-0.831401371,626.5003047
-0.807087251,626.8935179
-0.794871151,627.286731
-0.793888696,627.6799442
-0.80016098,628.0731573
-0.809099358,628.4663704
-0.822097189,628.8595836
-0.839001571,629.2527967
-0.847056505,629.6460099
-0.835792505,630.039223
-0.801025713,630.4324362
-0.741588684,630.8256493
-0.662267114,631.2188624
-0.568724003,631.6120756
-0.459621017,632.0052887
-0.334632452,632.3985019
-0.193649464,632.791715
-0.030671387,633.1849281
0.160991561,633.5781413
0.366832206,633.9713544
0.555241472,634.3645676
0.714808021,634.7577807
0.84181019,635.1509938
0.929878788,635.544207
0.97895242,635.9374201
0.993905752,636.3306333
0.986683215,636.7238464
0.974832892,637.1170596
0.96593815,637.5102727
0.957221456,637.9034858
0.94204584,638.296699
0.912069395,638.6899121
0.865176519,639.0831253
0.810650305,639.4763384
0.755514958,639.8695515
0.691955833,640.2627647
0.610708746,640.6559778
0.509064328,641.049191
0.388890198,641.4424041
0.253793621,641.8356172
0.10725182,642.2288304
-0.048234969,642.6220435
-0.209765908,643.0152567
-0.370418197,643.4084698
-0.522020935,643.801683
-0.66384485,644.1948961
-0.792511007,644.5881092
-0.884470292,644.9813224
-0.922328343,645.3745355
-0.914452435,645.7677487
-0.88264455,646.1609618
-0.840063995,646.5541749
-0.788185356,646.9473881
-0.730657185,647.3406012
-0.68118785,647.7338144
-0.653938103,648.1270275
-0.651874472,648.5202406
-0.663199645,648.9134538
-0.668337942,649.3066669
-0.651629883,649.6998801
-0.60728961,650.0930932
-0.538750208,650.4863064
-0.45450401,650.8795195
-0.361781032,651.2727326
-0.263322258,651.6659458
-0.158032635,652.0591589
-0.036254439,652.4523721
0.113636901,652.8455852
0.277541904,653.2387983
0.42687398,653.6320115
0.540534694,654.0252246
0.606559085,654.4184378
0.616573034,654.8116509
0.567166753,655.204864
0.460190498,655.5980772
0.30628596,655.9912903
0.123815741,656.3845035
-0.066034712,656.7777166
-0.248135481,657.1709298
-0.41886498,657.5641429
-0.577445328,657.957356
-0.715215311,658.3505692
-0.818802417,658.7437823
-0.875666881,659.1369955
-0.876625904,659.5302086
-0.818681738,659.9234217
-0.711844203,660.3166349
-0.579696139,660.709848
-0.442674135,661.1030612
-0.315611103,661.4962743
-0.213853643,661.8894874
-0.159037205,662.2827006
-0.159339452,662.6759137
-0.189322066,663.0691269
-0.230744443,663.46234
-0.26779599,663.8555532
-0.2890847,664.2487663
-0.295880824,664.6419794
-0.291177015,665.0351926
-0.274022135,665.4284057
-0.237762915,665.8216189
-0.17394404,666.214832
-0.079455855,666.6080451
0.045022609,667.0012583
0.19179347,667.3944714
0.34653466,667.7876846
0.488593814,668.1808977
0.601749454,668.5741108
0.68210286,668.967324
0.719418608,669.3605371
0.697710804,669.7537503
0.611758298,670.1469634
0.48101907,670.5401766
0.338193292,670.9333897
0.192300819,671.3266028
0.052785984,671.719816
-0.077185547,672.1130291
-0.202117571,672.5062423
-0.316950693,672.8994554
-0.423070067,673.2926685
-0.52874812,673.6858817
-0.632599593,674.0790948
-0.706649487,674.472308
-0.732564381,674.8655211
-0.708345603,675.2587342
-0.634527063,675.6519474
-0.512485375,676.0451605
-0.349358987,676.4383737
-0.166053636,676.8315868
0.004488312,677.2248
0.139563085,677.6180131
0.232809494,678.0112262
0.281554106,678.4044394
0.283988928,678.7976525
0.24685369,679.1908657
0.187323071,679.5840788
0.120361296,679.9772919
0.057995914,680.3705051
0.011764931,680.7637182
-0.026242342,681.1569314
-0.080005052,681.5501445
-0.143597834,681.9433576
-0.194234682,682.3365708
-0.234279805,682.7297839
-0.261734314,683.1229971
-0.263505737,683.5162102
-0.236194893,683.9094234
-0.184877535,684.3026365
-0.121150477,684.6958496
-0.055817549,685.0890628
0.008168251,685.4822759
0.073441998,685.8754891
0.147332159,686.2687022
0.240259428,686.6619153
0.354715677,687.0551285
0.476583788,687.4483416
0.584255851,687.8415548
0.661854548,688.2347679
0.694965757,688.627981
0.663306797,689.0211942
0.564637344,689.4144073
0.432459982,689.8076205
0.291871817,690.2008336
0.15748635,690.5940468
0.048165094,690.9872599
-0.01960874,691.380473
-0.045301241,691.7736862
-0.042601375,692.1668993
-0.027186548,692.5601125
-0.006569962,692.9533256
0.015445022,693.3465387
0.033607317,693.7397519
0.047557818,694.132965
0.066493976,694.5261782
0.082917937,694.9193913
0.082601849,695.3126044
0.065225392,695.7058176
0.039910272,696.0990307
0.016359223,696.4922439
0.000956325,696.885457
0.001732147,697.2786702
0.023647312,697.6718833
0.06883748,698.0650964
0.141518642,698.4583096
0.242689041,698.8515227
0.366702179,699.2447359
0.498303601,699.637949
0.617214091,700.0311621
0.71388172,700.4243753
0.777615423,700.8175884
0.791188002,701.2108016
0.748283881,701.6040147
0.682603783,701.9972278
0.63536778,702.390441
0.61478013,702.7836541
0.616974695,703.1768673
0.630470559,703.5700804
0.637879784,703.9632936
0.632281686,704.3565067
0.618434381,704.7497198
0.587381688,705.142933
0.535728568,705.5361461
0.472120966,705.9293593
0.401673529,706.3225724
0.325307938,706.7157855
0.24356629,707.1089987
0.157094634,707.5022118
0.064489083,707.895425
-0.041652594,708.2886381
-0.174912677,708.6818512
-0.343476997,709.0750644
-0.536365569,709.4682775
-0.716697562,709.8614907
-0.848385051,710.2547038
-0.91894599,710.647917
-0.933376748,711.0411301
-0.903409311,711.4343432
-0.833525215,711.8275564
-0.71540289,712.2207695
-0.5506052,712.6139827
-0.368284153,713.0071958
-0.180522869,713.4004089
0.013647045,713.7936221
0.209052899,714.1868352
0.398729682,714.5800484
0.575737093,714.9732615
0.733607394,715.3664746
0.866261064,715.7596878
0.96701567,716.1529009
1.027242265,716.5461141
1.041580633,716.9393272
1.021132787,717.3325404
0.992027634,717.7257535
0.97703469,718.1189666
0.973639515,718.5121798
0.972150223,718.9053929
0.969836102,719.2986061
0.963640901,719.6918192
0.952209948,720.0850323
0.936877272,720.4782455
0.919727553,720.8714586
0.90645305,721.2646718
0.898852725,721.6578849
0.896860462,722.051098
0.902988452,722.4443112
0.917906003,722.8375243
0.932020497,723.2307375
0.935648677,723.6239506
0.930575503,724.0171638
0.920516913,724.4103769
0.910978527,724.80359
0.910116803,725.1968032
0.917561995,725.5900163
0.92705936,725.9832295
0.93392703,726.3764426
0.93599241,726.7696557
0.928197639,727.1628689
0.894561179,727.556082
0.824679385,727.9492952
0.722620262,728.3425083
0.59517407,728.7357214
0.448570231,729.1289346
0.288219811,729.5221477
0.116008312,729.9153609
-0.07410842,730.308574
-0.27795208,730.7017872
-0.473076534,731.0950003
-0.631979613,731.4882134
-0.72973773,731.8814266
-0.767664352,732.2746397
-0.749465562,732.6678529
-0.677549114,733.061066
-0.559181771,733.4542791
-0.39943636,733.8474923
-0.200705095,734.2407054
0.026417761,734.6339186
0.255521859,735.0271317
0.455015721,735.4203448
0.609028566,735.813558
0.712473087,736.2067711
0.757389217,736.5999843
0.738042887,736.9931974
0.654491353,737.3864106
0.510839048,737.7796237
0.317699714,738.1728368
0.102037885,738.56605
-0.109384337,738.9592631
-0.297465796,739.3524763
-0.444345149,739.7456894
-0.547736864,740.1389025
-0.599974843,740.5321157
-0.595324348,740.9253288
-0.532858084,741.318542
-0.414842116,741.7117551
-0.245691886,742.1049682
-0.020239512,742.4981814
0.242281727,742.8913945
0.478945433,743.2846077
0.66077815,743.6778208
0.776810244,744.071034
0.823453375,744.4642471
0.803948589,744.8574602
0.724410102,745.2506734
0.590064119,745.6438865
0.406092583,746.0370997
0.180055618,746.4303128
-0.073605969,746.8235259
-0.324588527,747.2167391
-0.540479308,747.6099522
-0.705699316,748.0031654
-0.809250381,748.3963785
-0.845204957,748.7895916
-0.832549008,749.1828048
-0.788930558,749.5760179
-0.715664772,749.9692311
-0.614348137,750.3624442
-0.520489575,750.7556574
-0.473116439,751.1488705
-0.456978158,751.5420836
-0.465174896,751.9352968
-0.49834504,752.3285099
-0.550832755,752.7217231
-0.607009334,753.1149362
-0.653076866,753.5081493
-0.68095201,753.9013625
-0.683770547,754.2945756
-0.651835057,754.6877888
-0.578185056,755.0810019
-0.468787879,755.474215
-0.339387253,755.8674282
-0.206845213,756.2606413
-0.092758528,756.6538545
-0.023810264,757.0470676
-0.004100062,757.4402808
-0.037127005,757.8334939
-0.125352887,758.226707
-0.247277342,758.6199202
-0.372817144,759.0131333
-0.479317099,759.4063465
-0.560677785,759.7995596
-0.610551159,760.1927727
-0.615849777,760.5859859
-0.564664023,760.979199
-0.456347979,761.3724122
-0.295535661,761.7656253
-0.088246374,762.1588384
0.148742609,762.5520516
0.378164572,762.9452647
0.562664328,763.3384779
0.689766147,763.731691
0.776576123,764.1249042
0.83615794,764.5181173
0.868236237,764.9113304
0.869149626,765.3045436
0.838260428,765.6977567
0.796124616,766.0909699
0.767672541,766.484183
0.74774493,766.8773961
0.717117075,767.2706093
0.660216715,767.6638224
0.576507009,768.0570356
0.470851313,768.4502487
0.349174107,768.8434618
0.2163938,769.236675
0.076883374,769.6298881
-0.064926764,770.0231013
-0.215635842,770.4163144
-0.383897249,770.8095276
-0.563874702,771.2027407
-0.733575175,771.5959538
-0.865187666,771.989167
-0.954809268,772.3823801
-1.011424381,772.7755933
-1.050075435,773.1688064
-1.076080934,773.5620195
-1.07558223,773.9552327
-1.041696058,774.3484458
-0.979488729,774.741659
-0.890953097,775.1348721
-0.77525636,775.5280852
-0.634303714,775.9212984
-0.471027745,776.3145115
-0.288313435,776.7077247
-0.095105156,777.1009378
0.088315436,777.494151
0.246468539,777.8873641
0.37930139,778.2805772
0.493428351,778.6737904
0.590410904,779.0670035
0.667389286,779.4602167
0.71996187,779.8534298
0.744634504,780.2466429
0.740207379,780.6398561
0.708887121,781.0330692
0.669281159,781.4262824
0.645103439,781.8194955
0.640978367,782.2127086
0.651036741,782.6059218
0.669909808,782.9991349
0.707813263,783.3923481
0.771933119,783.7855612
0.83025387,784.1787744
0.868912597,784.5719875
0.879997364,784.9652006
0.85370854,785.3584138
0.786711244,785.7516269
0.692994767,786.1448401
0.580520897,786.5380532
0.450489292,786.9312663
0.305137644,787.3244795
0.147295415,787.7176926
-0.020403905,788.1109058
-0.189962976,788.5041189
-0.346410143,788.897332
-0.475372536,789.2905452
-0.563825781,789.6837583
-0.613033666,790.0769715
-0.637568415,790.4701846
-0.641504507,790.8633978
-0.623417294,791.2566109
-0.601298511,791.649824
-0.605244583,792.0430372
-0.61812958,792.4362503
-0.624914411,792.8294635
-0.62935096,793.2226766
-0.648429191,793.6158897
-0.673461422,794.0091029
-0.679970123,794.402316
-0.659755298,794.7955292
-0.615060038,795.1887423
-0.548536029,795.5819554
-0.458116402,795.9751686
-0.33329653,796.3683817
-0.162872401,796.7615949
0.051568652,797.154808
0.28959017,797.5480212
0.50883852,797.9412343
0.675062774,798.3344474
0.778274416,798.7276606
0.809737715,799.1208737
0.77236616,799.5140869
0.695939638,799.9073
0.60731137,800.3005131
0.51947151,800.6937263
0.432862564,801.0869394
0.350534773,801.4801526
0.293995749,801.8733657
0.282885883,802.2665788
0.305866888,802.659792
0.336323286,803.0530051
0.359201555,803.4462183
0.371135183,803.8394314
0.37275679,804.2326446
0.363830219,804.6258577
0.338772058,805.0190708
0.28544355,805.412284
0.20200797,805.8054971
0.09853549,806.1987103
-0.022832905,806.5919234
-0.161440392,806.9851365
-0.300119208,807.3783497
-0.407470859,807.7715628
-0.474579938,808.164776
-0.498959982,808.5579891
-0.47721969,808.9512022
-0.406832243,809.3444154
-0.289141853,809.7376285
-0.139087874,810.1308417
0.007099366,810.5240548
0.115183085,810.917268
0.177592012,811.3104811
0.196739348,811.7036942
0.175452299,812.0969074
0.117740574,812.4901205
0.030515352,812.8833337
-0.074776188,813.2765468
-0.18462864,813.6697599
-0.29894406,814.0629731
-0.427601143,814.4561862
-0.57056899,814.8493994
-0.715135302,815.2426125
-0.842203092,815.6358256
-0.942635768,816.0290388
-1.013745211,816.4222519
-1.054258478,816.8154651
-1.062857818,817.2086782
-1.046225834,817.6018914
-1.020363501,817.9951045
-0.999674025,818.3883176
-0.987308957,818.7815308
-0.980583599,819.1747439
-0.97746218,819.5679571
-0.97681118,819.9611702
-0.977637545,820.3543833
-0.978937741,820.7475965
-0.979972268,821.1408096
-0.98055174,821.5340228
-0.981029484,821.9272359
-0.982017302,822.320449
-0.984263023,822.7136622
-0.988847372,823.1068753
-0.994174565,823.5000885
-0.992730066,823.8933016
-0.983797113,824.2865148
-0.971204203,824.6797279
-0.956240224,825.072941
-0.942377087,825.4661542
-0.931725243,825.8593673
-0.923688986,826.2525805
-0.918328013,826.6457936
-0.916228216,827.0390067
-0.918972451,827.4322199
-0.931476737,827.825433
-0.957939866,828.2186462
-0.983468215,828.6118593
-0.98892266,829.0050724
-0.964011898,829.3982856
-0.906838945,829.7914987
-0.832749291,830.1847119
-0.762397298,830.577925
-0.702841364,830.9711382
-0.651858831,831.3643513
-0.606681666,831.7575644
-0.573629024,832.1507776
-0.557173945,832.5439907
-0.556745226,832.9372039
-0.571600117,833.330417
-0.601341321,833.7236301
-0.645831173,834.1168433
-0.705442558,834.5100564
-0.781295778,834.9032696
-0.872590622,835.2964827
-0.965615308,835.6896958
-1.028324379,836.082909
-1.027479441,836.4761221
-0.96527917,836.8693353
-0.867667961,837.2625484
-0.761337299,837.6557616
-0.672977685,838.0489747
-0.614252339,838.4421878
-0.575128516,838.835401
-0.534753058,839.2286141
-0.486251683,839.6218273
-0.442458899,840.0150404
-0.413178847,840.4082535
-0.40244071,840.8014667
-0.411375884,841.1946798
-0.439684479,841.587893
-0.486208044,841.9811061
-0.549060645,842.3743192
-0.626007216,842.7675324
-0.712427202,843.1607455
-0.783939639,843.5539587
-0.811115169,843.9471718
-0.794039215,844.340385
-0.748869818,844.7335981
-0.683677223,845.1268112
-0.605185975,845.5200244
-0.537288915,845.9132375
-0.485129607,846.3064507
-0.437727498,846.6996638
-0.38831151,847.0928769
-0.350650909,847.4860901
-0.326264947,847.8793032
-0.311489751,848.2725164
-0.300412747,848.6657295
-0.28027397,849.0589426
-0.246199743,849.4521558
-0.201015054,849.8453689
-0.149178919,850.2385821
-0.093281156,850.6317952
-0.029051804,851.0250084
0.06064682,851.4182215
0.186033057,851.8114346
0.338047929,852.2046478
0.505003377,852.5978609
0.672345976,852.9910741
0.817042231,853.3842872
0.919335643,853.7775003
0.988355346,854.1707135
1.034842807,854.5639266
1.063805878,854.9571398
1.068844597,855.3503529
1.044903404,855.743566
0.993966415,856.1367792
0.939711776,856.5299923
0.898679439,856.9232055
0.869295251,857.3164186
0.847578153,857.7096318
0.832850317,858.1028449
0.826682994,858.496058
0.832566198,858.8892712
0.85151466,859.2824843
0.872410779,859.6756975
0.878740374,860.0689106
0.860950216,860.4621237
0.816468975,860.8553369
0.746810444,861.24855
0.655633866,861.6417632
0.546659367,862.0349763
0.418913678,862.4281895
0.258475407,862.8214026
0.054224541,863.2146157
-0.170154101,863.6078289
-0.371233105,864.001042
-0.516564011,864.3942552
-0.598792927,864.7874683
-0.617796248,865.1806814
-0.576253244,865.5738946
-0.479061104,865.9671077
-0.332458894,866.3603209
-0.144798492,866.753534
0.068316314,867.1467471
0.273144259,867.5399603
0.425550309,867.9331734
0.501395562,868.3263866
0.519224471,868.7195997
0.500305444,869.1128129
0.453132604,869.506026
0.379787432,869.8992391
0.282043485,870.2924523
0.168952855,870.6856654
0.065304146,871.0788786
-0.000316469,871.4720917
-0.00497407,871.8653048
0.062975239,872.258518
0.167284493,872.6517311
0.278586731,873.0449443
0.381921972,873.4381574
0.4685259,873.8313705
0.532102604,874.2245837
0.565658639,874.6177968
0.557186827,875.01101
0.487143372,875.4042231
0.343803367,875.7974363
0.146367913,876.1906494
-0.069188369,876.5838625
-0.290599261,876.9770757
-0.502410936,877.3702888
-0.680907142,877.763502
-0.801929518,878.1567151
-0.847547494,878.5499282
-0.84120612,878.9431414
-0.802835494,879.3363545
-0.73541204,879.7295677
-0.658708515,880.1227808
-0.610657676,880.5159939
-0.589353875,880.9092071
-0.570604111,881.3024202
-0.549209481,881.6956334
-0.539205951,882.0888465
-0.558793966,882.4820597
-0.610671984,882.8752728
-0.665919462,883.2684859
-0.707723759,883.6616991
-0.73087668,884.0549122
-0.731054643,884.4481254
-0.696895335,884.8413385
-0.612257514,885.2345516
-0.47269364,885.6277648
-0.284521315,886.0209779
-0.061323943,886.4141911
0.152188816,886.8074042
0.327308731,887.2006173
0.459926808,887.5938305
0.546296387,887.9870436
0.585454492,888.3802568
0.580899055,888.7734699
0.531417569,889.1666831
0.436742902,889.5598962
0.313095006,889.9531093
0.177004721,890.3463225
0.057873895,890.7395356
-0.014656868,891.1327488
-0.049427454,891.5259619
-0.06563385,891.919175
-0.07680428,892.3123882
-0.087642006,892.7056013
-0.098094486,893.0988145
-0.108705485,893.4920276
-0.126323127,893.8852407
-0.162987501,894.2784539
-0.223120051,894.671667
-0.292230239,895.0648802
-0.34889945,895.4580933
-0.387952782,895.8513065
-0.410304013,896.2445196
-0.413622313,896.6377327
-0.385178845,897.0309459
-0.296117393,897.424159
-0.143907943,897.8173722
0.037056696,898.2105853
0.214902867,898.6037984
0.366435177,898.9970116
0.473286554,899.3902247
0.521948657,899.7834379
0.509048668,900.176651
0.436001494,900.5698641
0.302216019,900.9630773
0.111476196,901.3562904
-0.108698789,901.7495036
-0.316641857,902.1427167
-0.468013251,902.5359299
-0.538462073,902.929143
-0.540278561,903.3223561
-0.489663177,903.7155693
-0.400742134,904.1087824
-0.284493549,904.5019956
-0.154709194,904.8952087
-0.040049567,905.2884218
0.035071912,905.681635
0.075674131,906.0748481
0.09142564,906.4680613
0.092854099,906.8612744
0.087624781,907.2544875
0.079737164,907.6477007
0.0728569,908.0409138
0.073048504,908.434127
0.083643897,908.8273401
0.10444218,909.2205533
0.142379958,909.6137664
0.192916406,910.0069795
0.243016676,910.4001927
0.280038057,910.7934058
0.293269204,911.186619
0.293945497,911.5798321
0.288043866,911.9730452
0.278342219,912.3662584
0.265217569,912.7594715
0.238045687,913.1526847
0.195813941,913.5458978
0.152508915,913.9391109
0.105561958,914.3323241
0.05357749,914.7255372
-0.000799115,915.1187504
-0.054188082,915.5119635
-0.105105409,915.9051767
-0.15774991,916.2983898
-0.2264832,916.6916029
-0.327583892,917.0848161
-0.456884888,917.4780292
-0.592037725,917.8712424
-0.718210684,918.2644555
-0.834751287,918.6576686
-0.92920909,919.0508818
-0.983580058,919.4440949
-0.999952158,919.8373081
-0.986904633,920.2305212
-0.957679539,920.6237343
-0.933748676,921.0169475
-0.92345394,921.4101606
-0.905615635,921.8033738
-0.858934495,922.1965869
-0.778201311,922.5898001
-0.665810141,922.9830132
-0.526001715,923.3762263
-0.363413096,923.7694395
-0.182892112,924.1626526
0.009091659,924.5558658
0.197850351,924.9490789
0.365431164,925.342292
0.501460438,925.7355052
0.589153173,926.1287183
0.611434644,926.5219315
0.56375245,926.9151446
0.443632116,927.3083577
0.271189158,927.7015709
0.074849161,928.094784
-0.126751331,928.4879972
-0.312877345,928.8812103
-0.458091146,929.2744235
-0.539321284,929.6676366
-0.552543985,930.0608497
-0.505805017,930.4540629
-0.404248588,930.847276
-0.250089513,931.2404892
-0.045770097,931.6337023
0.190468332,932.0269154
0.420813212,932.4201286
0.607744665,932.8133417
0.73688851,933.2065549
0.822688094,933.599768
0.876605536,933.9929811
0.899391213,934.3861943
0.889564859,934.7794074
0.854906099,935.1726206
0.820435392,935.5658337
0.797974818,935.9590469
0.788802377,936.35226
0.797961064,936.7454731
0.813715558,937.1386863
0.81287612,937.5318994
0.782333055,937.9251126
0.721158251,938.3183257
0.64251366,938.7115388
0.55980597,939.104752
0.467770294,939.4979651
0.34789856,939.8911783
0.190333534,940.2843914
0.00578355,940.6776045
-0.186230937,941.0708177
-0.367185567,941.4640308
-0.521958514,941.857244
-0.635795105,942.2504571
-0.697510888,942.6436703
-0.70076606,943.0368834
-0.64700245,943.4300965
-0.551326088,943.8233097
-0.43678278,944.2165228
-0.327053659,944.609736
-0.247033967,945.0029491
-0.208430821,945.3961622
-0.207460279,945.7893754
-0.238059564,946.1825885
-0.292856122,946.5758017
-0.363031383,946.9690148
-0.434186469,947.3622279
-0.49874765,947.7554411
-0.550236921,948.1486542
-0.58230415,948.5418674
-0.584418136,948.9350805
-0.542656919,949.3282937
-0.458417841,949.7215068
-0.348855106,950.1147199
-0.229357555,950.5079331
-0.112845752,950.9011462
-0.014801492,951.2943594
0.047709818,951.6875725
0.066579951,952.0807856
0.04351839,952.4739988
-0.018613632,952.8672119
-0.118098808,953.2604251
-0.253160954,953.6536382
-0.416580236,954.0468513
-0.591270142,954.4400645
-0.751111091,954.8332776
-0.87667729,955.2264908
-0.970721366,955.6197039
-1.033237655,956.0129171
-1.063647152,956.4061302
-1.065892454,956.7993433
-1.054161124,957.1925565
-1.051322428,957.5857696
-1.061642476,957.9789828
-1.067634005,958.3721959
-1.052850894,958.765409
-1.0062657,959.1586222
-0.925309138,959.5518353
-0.818505307,959.9450485
-0.695135926,960.3382616
-0.552507873,960.7314747
-0.384214348,961.1246879
-0.191745287,961.517901
0.011869336,961.9111142
0.206776515,962.3043273
0.376392779,962.6975405
0.509624435,963.0907536
0.598941809,963.4839667
0.638849052,963.8771799
0.624663789,964.270393
0.550247317,964.6636062
0.413234436,965.0568193
0.247896163,965.4500324
0.098447326,965.8432456
-0.010502653,966.2364587
-0.090595715,966.6296719
-0.162045319,967.022885
-0.235269855,967.4160981
-0.310402625,967.8093113
-0.372947856,968.2025244
-0.403311892,968.5957376
-0.394396577,968.9889507
-0.35346419,969.3821639
-0.296881166,969.775377
-0.237852166,970.1685901
-0.178382856,970.5618033
-0.110351473,970.9550164
-0.02917151,971.3482296
0.049732603,971.7414427
0.110716001,972.1346558
0.147867707,972.527869
0.168814749,972.9210821
0.195019548,973.3142953
0.219357865,973.7075084
0.212843301,974.1007215
0.150771807,974.4939347
0.048189311,974.8871478
-0.065598734,975.280361
-0.177790889,975.6735741
-0.286182839,976.0667873
-0.39046664,976.4600004
-0.488602235,976.8532135
-0.578378899,977.2464267
-0.658845241,977.6396398
-0.726272674,978.032853
-0.771219481,978.4260661
-0.783445858,978.8192792
-0.772286204,979.2124924
-0.761331615,979.6057055
-0.759564201,979.9989187
-0.769415824,980.3921318
-0.79541781,980.7853449
-0.841789542,981.1785581
-0.899548251,981.5717712
-0.944550162,981.9649844
-0.956717252,982.3581975
-0.935091242,982.7514107
-0.894716598,983.1446238
-0.853947593,983.5378369
-0.821872573,983.9310501
-0.799605977,984.3242632
-0.786491608,984.7174764
-0.781937771,985.1106895
-0.785157787,985.5039026
-0.79416752,985.8971158
-0.805066027,986.2903289
-0.816523281,986.6835421
-0.833590954,987.0767552
-0.860052324,987.4699683
-0.893646858,987.8631815
-0.931068894,988.2563946
-0.970748814,988.6496078
-1.005938645,989.0428209
-1.023045758,989.4360341
-1.016126453,989.8292472
-0.998840799,990.2224603
-0.987832102,990.6156735
-0.983454873,991.0088866
-0.981763606,991.4020998
-0.981482242,991.7953129
-0.982957274,992.188526
-0.987808562,992.5817392
-0.995580892,992.9749523
-0.997940138,993.3681655
-0.991862527,993.7613786
-0.984294937,994.1545917
-0.979385415,994.5478049
-0.978297429,994.941018
-0.980773445,995.3342312
-0.984725276,995.7274443
-0.990091593,996.1206575
-0.997248506,996.5138706
-0.997095272,996.9070837
-0.982260375,997.3002969
-0.936746469,997.69351
-0.854333951,998.0867232
-0.738928649,998.4799363
-0.596753573,998.8731494
-0.434333633,999.2663626
-0.258126284,999.6595757
-0.074233772,1000.052789
0.112472619,1000.446002
0.300112653,1000.839215
0.48709405,1001.232428
0.661789151,1001.625641
0.813876002,1002.018855
0.943209712,1002.412068
1.036663264,1002.805281
1.0792395,1003.198494
1.077126999,1003.591707
1.045451446,1003.98492
0.998281324,1004.378133
0.950583144,1004.771347
0.911879219,1005.16456
0.893039272,1005.557773
0.890136182,1005.950986
0.898550682,1006.344199
0.916049154,1006.737412
0.931926655,1007.130625
0.927951516,1007.523839
0.892386052,1007.917052
0.821922097,1008.310265
0.715771326,1008.703478
0.574425809,1009.096691
0.41326506,1009.489904
0.260904659,1009.883117
0.13021046,1010.276331
-0.000987858,1010.669544
-0.141171017,1011.062757
-0.275315081,1011.45597
-0.395795178,1011.849183
-0.504579364,1012.242396
-0.604891296,1012.635609
-0.695342978,1013.028823
-0.765486431,1013.422036
-0.801347871,1013.815249
-0.793287906,1014.208462
-0.740788438,1014.601675
-0.653449975,1014.994888
-0.542135647,1015.388101
-0.414476455,1015.781315
-0.284653198,1016.174528
-0.169097513,1016.567741
-0.072799387,1016.960954
0.014597572,1017.354167
0.096238615,1017.74738
0.150022491,1018.140593
0.152996988,1018.533806
0.116733666,1018.92702
0.059992391,1019.320233
-0.005731677,1019.713446
-0.068557489,1020.106659
-0.130750035,1020.499872
-0.209761215,1020.893085
-0.29630767,1021.286298
-0.374121327,1021.679512
-0.431513249,1022.072725
-0.462903842,1022.465938
-0.470335193,1022.859151
-0.463072686,1023.252364
-0.451606963,1023.645577
-0.445543472,1024.03879
-0.456305201,1024.432004
-0.489019738,1024.825217
-0.54346019,1025.21843
-0.61678066,1025.611643
-0.701297282,1026.004856
-0.780229326,1026.398069
-0.83681486,1026.791282
-0.868280037,1027.184496
-0.879979083,1027.577709
-0.881388065,1027.970922
-0.888539349,1028.364135
-0.902775846,1028.757348
-0.895391127,1029.150561
-0.850733052,1029.543774
-0.775374912,1029.936988
-0.686186285,1030.330201
-0.593223312,1030.723414
-0.498107276,1031.116627
-0.395175749,1031.50984
-0.275760667,1031.903053
-0.139680297,1032.296266
0.001477499,1032.68948
0.132460344,1033.082693
0.238822038,1033.475906
0.307955856,1033.869119
0.3313834,1034.262332
0.312212735,1034.655545
0.265003758,1035.048758
0.207252169,1035.441972
0.158925186,1035.835185
0.136746659,1036.228398
0.140114671,1036.621611
0.15528516,1037.014824
0.165024556,1037.408037
0.149666459,1037.80125
0.100965284,1038.194464
0.025560203,1038.587677
-0.065480667,1038.98089
-0.158866508,1039.374103
-0.24277326,1039.767316
-0.319447953,1040.160529
-0.403951054,1040.553742
-0.499611054,1040.946956
-0.604784566,1041.340169
-0.718756502,1041.733382
-0.829838764,1042.126595
-0.920639854,1042.519808
-0.978337236,1042.913021
-1.001900452,1043.306234
-0.998174649,1043.699448
-0.98142289,1044.092661
-0.967312175,1044.485874
-0.960265236,1044.879087
-0.958302177,1045.2723
-0.961296431,1045.665513
-0.972263911,1046.058726
-0.990319812,1046.45194
-1.01079208,1046.845153
-1.02931386,1047.238366
-1.040068106,1047.631579
-1.03869925,1048.024792
-1.021394687,1048.418005
-0.982287865,1048.811218
-0.916593674,1049.204432
-0.813155184,1049.597645
-0.662839643,1049.990858
-0.497366389,1050.384071
-0.352402113,1050.777284
-0.237510291,1051.170497
-0.154044035,1051.56371
-0.103105837,1051.956924
-0.086135618,1052.350137
-0.102341955,1052.74335
-0.146018893,1053.136563
-0.210006613,1053.529776
-0.291313444,1053.922989
-0.386794867,1054.316202
-0.492064983,1054.709415
-0.601500391,1055.102629
-0.706309566,1055.495842
-0.799892143,1055.889055
-0.880168512,1056.282268
-0.942854368,1056.675481
-0.96884247,1057.068694
-0.946533199,1057.461907
-0.889592626,1057.855121
-0.824045393,1058.248334
-0.75230442,1058.641547
-0.664395972,1059.03476
-0.560264002,1059.427973
-0.437572148,1059.821186
-0.296154609,1060.214399
-0.145425311,1060.607613
0.003727152,1061.000826
0.13290978,1061.394039
0.225192956,1061.787252
0.272958795,1062.180465
0.275927769,1062.573678
0.235212229,1062.966891
0.150910913,1063.360105
0.022392747,1063.753318
-0.148713232,1064.146531
-0.34772001,1064.539744
-0.539108053,1064.932957
-0.688661562,1065.32617
-0.77812422,1065.719383
-0.800123259,1066.112597
-0.753071433,1066.50581
-0.638784895,1066.899023
-0.474083695,1067.292236
-0.292243539,1067.685449
-0.122994098,1068.078662
0.011346264,1068.471875
0.099428362,1068.865089
0.134400826,1069.258302
0.119619932,1069.651515
0.063080266,1070.044728
-0.025176643,1070.437941
-0.132482691,1070.831154
-0.244744656,1071.224367
-0.346531283,1071.617581
-0.423858983,1072.010794
-0.471163324,1072.404007
-0.482311921,1072.79722
-0.453884801,1073.190433
-0.396756853,1073.583646
-0.325115849,1073.976859
-0.245672743,1074.370073
-0.145043064,1074.763286
-0.031389931,1075.156499
0.091254023,1075.549712
0.222136876,1075.942925
0.324239131,1076.336138
0.374058181,1076.729351
0.370228762,1077.122565
0.321171345,1077.515778
0.240474492,1077.908991
0.143486286,1078.302204
0.043070323,1078.695417
-0.053032196,1079.08863
-0.14346965,1079.481843
-0.236129882,1079.875057
-0.347308094,1080.26827
-0.489828082,1080.661483
-0.659708215,1081.054696
-0.822722287,1081.447909
-0.94799724,1081.841122
-1.005272438,1082.234335
-0.963912844,1082.627549
-0.840739758,1083.020762
-0.671785887,1083.413975
-0.507056934,1083.807188
-0.389535164,1084.200401
-0.306305063,1084.593614
-0.23092452,1084.986827
-0.151361084,1085.380041
-0.06558758,1085.773254
0.024294195,1086.166467
0.114593127,1086.55968
0.20104691,1086.952893
0.279493947,1087.346106
0.347323961,1087.739319
0.401684445,1088.132532
0.438928673,1088.525746
0.476478679,1088.918959
0.54174385,1089.312172
0.631979269,1089.705385
0.734768762,1090.098598
0.837247074,1090.491811
0.925666672,1090.885024
0.991653928,1091.278238
1.03478759,1091.671451
1.054413958,1092.064664
1.041359594,1092.457877
0.996065465,1092.85109
0.920096872,1093.244303
0.816208419,1093.637516
0.692309548,1094.03073
0.562972914,1094.423943
0.441912236,1094.817156
0.332099925,1095.210369
0.227761685,1095.603582
0.120831509,1095.996795
0.00673347,1096.390008
-0.107627817,1096.783222
-0.215544928,1097.176435
-0.313269862,1097.569648
-0.397220424,1097.962861
-0.463141736,1098.356074
-0.507282722,1098.749287
-0.534771335,1099.1425
-0.558484097,1099.535714
-0.595118078,1099.928927
-0.657934061,1100.32214
-0.737122725,1100.715353
-0.821231086,1101.108566
-0.901026703,1101.501779
-0.966496067,1101.894992
-1.011488806,1102.288206
-1.036436182,1102.681419
-1.03720337,1103.074632
-1.007439203,1103.467845
-0.945154386,1103.861058
-0.852204314,1104.254271
-0.732619517,1104.647484
-0.589828701,1105.040698
-0.421980345,1105.433911
-0.225302929,1105.827124
-0.028337335,1106.220337
0.135508681,1106.61355
0.256315127,1107.006763
0.332285527,1107.399976
0.362143468,1107.79319
0.344157713,1108.186403
0.278272347,1108.579616
0.167609096,1108.972829
0.018101382,1109.366042
-0.162527213,1109.759255
-0.363505626,1110.152468
-0.567844069,1110.545682
-0.753958741,1110.938895
-0.903047161,1111.332108
-0.997410719,1111.725321
-1.024759543,1112.118534
-0.978973671,1112.511747
-0.865022177,1112.90496
-0.704976714,1113.298174
-0.532268704,1113.691387
-0.389899998,1114.0846
-0.288075059,1114.477813
-0.213171267,1114.871026
-0.162822446,1115.264239
-0.140058427,1115.657452
-0.147358746,1116.050666
-0.185032169,1116.443879
-0.251315913,1116.837092
-0.34282947,1117.230305
-0.454912164,1117.623518
-0.581656218,1118.016731
-0.714893517,1118.409944
-0.840748155,1118.803158
-0.93673687,1119.196371
-0.986656057,1119.589584
-0.991805764,1119.982797
-0.962514758,1120.37601
-0.917785207,1120.769223
-0.877386243,1121.162436
-0.847398673,1121.555649
-0.821306192,1121.948863
-0.790430822,1122.342076
-0.7696172,1122.735289
-0.791514271,1123.128502
-0.831357722,1123.521715
-0.853977408,1123.914928
-0.848963974,1124.308141
-0.814219564,1124.701355
-0.750812778,1125.094568
-0.661084555,1125.487781
-0.54738182,1125.880994
-0.410358997,1126.274207
-0.248035051,1126.66742
-0.065300454,1127.060633
0.118113191,1127.453847
0.282515068,1127.84706
0.413726765,1128.240273
0.500191884,1128.633486
0.536948616,1129.026699
0.536439102,1129.419912
0.518086186,1129.813125
0.484813606,1130.206339
0.424735772,1130.599552
0.348838716,1130.992765
0.303205436,1131.385978
0.290887503,1131.779191
0.30147836,1132.172404
0.335088187,1132.565617
0.392383007,1132.958831
0.47255543,1133.352044
0.571911348,1133.745257
0.6834221,1134.13847
0.795244865,1134.531683
0.890257729,1134.924896
0.964915448,1135.318109
1.021745714,1135.711323
1.028488272,1136.104536
0.972573479,1136.497749
0.866303527,1136.890962
0.732351794,1137.284175
0.583421502,1137.677388
0.420631058,1138.070601
0.245772059,1138.463815
0.058743316,1138.857028
-0.143850106,1139.250241
-0.345970542,1139.643454
-0.519021889,1140.036667
-0.652695827,1140.42988
-0.753581758,1140.823093
-0.832266575,1141.216307
-0.893579283,1141.60952
-0.937789084,1142.002733
-0.962649793,1142.395946
-0.960358257,1142.789159
-0.917366118,1143.182372
-0.842367586,1143.575585
-0.761081756,1143.968799
-0.664281928,1144.362012
-0.555076746,1144.755225
-0.451601982,1145.148438
-0.369530259,1145.541651
-0.314472207,1145.934864
-0.270033637,1146.328077
-0.217520712,1146.721291
-0.147269888,1147.114504
-0.063739883,1147.507717
0.012615214,1147.90093
0.059731315,1148.294143
0.062593281,1148.687356
0.019525706,1149.080569
-0.061666779,1149.473783
-0.172506846,1149.866996
-0.303449624,1150.260209
-0.439448979,1150.653422
-0.556123308,1151.046635
-0.633110356,1151.439848
-0.672312163,1151.833061
-0.693541455,1152.226275
-0.72002418,1152.619488
-0.760788977,1153.012701
-0.808280587,1153.405914
-0.845092476,1153.799127
-0.851577178,1154.19234
-0.831139484,1154.585553
-0.806709618,1154.978766
-0.810196673,1155.37198
-0.855855541,1155.765193
-0.916310181,1156.158406
-0.951249448,1156.551619
-0.947778366,1156.944832
-0.90823437,1157.338045
-0.836292161,1157.731258
-0.732384992,1158.124472
-0.591919896,1158.517685
-0.410204045,1158.910898
-0.200775937,1159.304111
0.001425607,1159.697324
0.181472289,1160.090537
0.346602804,1160.48375
0.497616219,1160.876964
0.63151599,1161.270177
0.744264244,1161.66339
0.832190706,1162.056603
0.891517319,1162.449816
0.912038019,1162.843029
0.879316507,1163.236242
0.799693952,1163.629456
0.702891838,1164.022669
0.603210752,1164.415882
0.486372355,1164.809095
0.342205506,1165.202308
0.171299908,1165.595521
-0.010057634,1165.988734
-0.176919857,1166.381948
-0.314897138,1166.775161
-0.423363937,1167.168374
-0.498968415,1167.561587
-0.521797364,1167.9548
-0.474132132,1168.348013
-0.352295111,1168.741226
-0.177914833,1169.13444
0.00783287,1169.527653
0.18013236,1169.920866
0.325881874,1170.314079
0.429368203,1170.707292
0.476500968,1171.100505
0.46531383,1171.493718
0.398253173,1171.886932
0.275933644,1172.280145
0.098248809,1172.673358
-0.127979808,1173.066571
-0.374947385,1173.459784
-0.600291805,1173.852997
-0.774154542,1174.24621
-0.887719253,1174.639424
-0.936862213,1175.032637
-0.921173488,1175.42585
-0.840720875,1175.819063
-0.697008144,1176.212276
-0.505977325,1176.605489
-0.304597278,1176.998702
-0.116067293,1177.391916
0.063586782,1177.785129
0.231758905,1178.178342
0.372616935,1178.571555
0.473764763,1178.964768
0.535384063,1179.357981
0.562256646,1179.751194
0.558611578,1180.144408
0.53022047,1180.537621
0.489266886,1180.930834
0.45378863,1181.324047
0.432171719,1181.71726
0.420090716,1182.110473
0.411410432,1182.503686
0.398279257,1182.8969
0.388920702,1183.290113
0.396835516,1183.683326
0.425162872,1184.076539
0.473517714,1184.469752
0.538782415,1184.862965
0.614487079,1185.256178
0.690159901,1185.649392
0.753417217,1186.042605
0.798585009,1186.435818
0.834894773,1186.829031
0.875950627,1187.222244
0.91626438,1187.615457
0.940562704,1188.00867
0.939444814,1188.401883
0.954284585,1188.795097
0.954332411,1189.18831
0.936559539,1189.581523
0.897937215,1189.974736
0.835436688,1190.367949
0.746029203,1190.761162
0.626686008,1191.154375
0.474378351,1191.547589
0.286077477,1191.940802
0.058754634,1192.334015
