head_sync,Time
0.185557136,0
0.195915592,0.4
0.15033863,0.8
0.100649059,1.2
0.120633234,1.6
0.120782973,2
0.153077024,2.4
0.195957219,2.8
0.221350077,3.2
0.205871927,3.6
0.199649796,4
0.202600214,4.4
0.208659548,4.8
0.189879833,5.2
0.211392726,5.6
0.197895238,6
0.193711544,6.4
0.18256305,6.8
0.229801812,7.2
0.211809157,7.6
0.21000782,8
0.205763904,8.4
0.186409852,8.8
0.178987003,9.2
0.187999293,9.6
0.194073215,10
0.186531007,10.4
0.173880963,10.8
0.174968326,11.2
0.156341495,11.6
0.131997671,12
0.154102641,12.4
0.173014596,12.8
0.174481072,13.2
0.190735547,13.6
0.230028496,14
0.224404932,14.4
0.225837967,14.8
0.210622642,15.2
0.180204741,15.6
0.204045638,16
0.194613237,16.4
0.161707766,16.8
0.189467195,17.2
0.17486836,17.6
0.151689156,18
0.182931791,18.4
0.193456397,18.8
0.178233771,19.2
0.182592726,19.6
0.138337327,20
0.103670842,20.4
0.123372577,20.8
0.1813464,21.2
0.170928265,21.6
0.161748621,22
0.157034036,22.4
0.112889452,22.8
0.116500837,23.2
0.102969044,23.6
0.14204666,24
0.171342592,24.4
0.192778991,24.8
0.212780259,25.2
0.194898861,25.6
0.159144998,26
0.131221455,26.4
0.162779889,26.8
0.136734544,27.2
0.154542056,27.6
0.169256487,28
0.187986759,28.4
0.176099314,28.8
0.150102731,29.2
0.161188814,29.6
0.169120167,30
0.152498969,30.4
0.15445126,30.8
0.153126479,31.2
0.130057252,31.6
0.127244778,32
0.123543648,32.4
0.123987327,32.8
0.126825849,33.2
0.130874438,33.6
0.126184626,34
0.147969345,34.4
0.155192999,34.8
0.146490323,35.2
0.146973916,35.6
0.137590126,36
0.136975913,36.4
0.149811812,36.8
0.151644641,37.2
0.143566882,37.6
0.13197934,38
0.149734756,38.4
0.118620156,38.8
0.127663765,39.2
0.193752131,39.6
0.18260483,40
0.186582726,40.4
0.171633782,40.8
0.184966429,41.2
0.145447615,41.6
0.117337847,42
0.110089018,42.4
0.141555408,42.8
0.148228337,43.2
0.154149001,43.6
0.146888864,44
0.137163554,44.4
0.117492041,44.8
0.136048275,45.2
0.14575895,45.6
0.139207399,46
0.141461897,46.4
0.164781972,46.8
0.135157578,47.2
0.136063497,47.6
0.144533596,48
0.139780172,48.4
0.131578823,48.8
0.162220643,49.2
0.16133126,49.6
0.157647685,50
0.119576881,50.4
0.114158445,50.8
0.104390547,51.2
0.128585909,51.6
0.127099208,52
0.131198985,52.4
0.155645881,52.8
0.133292795,53.2
0.197473035,53.6
0.225370038,54
0.220329164,54.4
0.195422995,54.8
0.182194418,55.2
0.217318963,55.6
0.229911994,56
0.196185144,56.4
0.15113357,56.8
0.130033349,57.2
0.133565297,57.6
0.177131999,58
0.149114351,58.4
0.127143859,58.8
0.107935732,59.2
0.093314652,59.6
0.091052972,60
0.091593235,60.4
0.113109511,60.8
0.125948123,61.2
0.117760317,61.6
0.106883883,62
0.110268913,62.4
0.10772987,62.8
0.109981424,63.2
0.106469219,63.6
0.094508895,64
0.104822337,64.4
0.104638633,64.8
0.093153932,65.2
0.086334309,65.6
0.093629781,66
0.096825779,66.4
0.10111316,66.8
0.132121455,67.2
0.128789911,67.6
0.140108329,68
0.12874016,68.4
0.172391851,68.8
0.214550643,69.2
0.228789024,69.6
0.229749156,70
0.199621873,70.4
0.19583301,70.8
0.171615004,71.2
0.157590029,71.6
0.158617631,72
0.158480063,72.4
0.130372,72.8
0.146520333,73.2
0.155227357,73.6
0.125929837,74
0.127528591,74.4
0.132284229,74.8
0.145315268,75.2
0.162159159,75.6
0.181402309,76
0.147231514,76.4
0.144235843,76.8
0.132181674,77.2
0.135182774,77.6
0.138465247,78
0.135365093,78.4
0.131028498,78.8
0.115631863,79.2
0.13565234,79.6
0.154711239,80
0.161725602,80.4
0.128245723,80.8
0.129265067,81.2
0.132849221,81.6
0.163289844,82
0.193195319,82.4
0.184031416,82.8
0.160977764,83.2
0.181582146,83.6
0.15757809,84
0.127455236,84.4
0.131462149,84.8
0.122908197,85.2
0.08130482,85.6
0.08347954,86
0.076094087,86.4
0.089648632,86.8
0.092972483,87.2
0.104063048,87.6
0.102862024,88
0.11604694,88.4
0.134656477,88.8
0.1434461,89.2
0.14831191,89.6
0.151398741,90
0.166397492,90.4
0.168721973,90.8
0.177073482,91.2
0.17988206,91.6
0.1512373,92
0.132826851,92.4
0.089430428,92.8
0.093279418,93.2
0.117234453,93.6
0.109806191,94
0.140123795,94.4
0.168487379,94.8
0.162631659,95.2
0.179410605,95.6
0.226725807,96
0.233583085,96.4
0.206020364,96.8
0.22017027,97.2
0.204495491,97.6
0.221390559,98
0.233110688,98.4
0.233448846,98.8
0.240775554,99.2
0.217612167,99.6
0.207133183,100
0.18435684,100.4
0.161025031,100.8
0.128789025,101.2
0.126941987,101.6
0.141784447,102
0.121185847,102.4
0.132525796,102.8
0.115752299,103.2
0.112143036,103.6
0.10840236,104
0.103410669,104.4
0.117094227,104.8
0.10259756,105.2
0.10176147,105.6
0.101398668,106
0.117845169,106.4
0.137668238,106.8
0.129990938,107.2
0.147038123,107.6
0.155251322,108
0.158717291,108.4
0.16629613,108.8
0.145185957,109.2
0.13573767,109.6
0.119547399,110
0.133144941,110.4
0.144540967,110.8
0.139073704,111.2
0.140693408,111.6
0.139603082,112
0.138135329,112.4
0.121985271,112.8
0.098694876,113.2
0.096792227,113.6
0.091021412,114
0.132165544,114.4
0.149835855,114.8
0.174455448,115.2
0.142204149,115.6
0.152223444,116
0.170700448,116.4
0.175153814,116.8
0.152387776,117.2
0.145081096,117.6
0.11231805,118
0.160234006,118.4
0.179655859,118.8
0.200294766,119.2
0.178222441,119.6
0.172811896,120
0.186495696,120.4
0.209748762,120.8
0.193157923,121.2
0.165480294,121.6
0.133294426,122
0.162149074,122.4
0.176836081,122.8
0.20326195,123.2
0.138720292,123.6
0.100173941,124
0.124705043,124.4
0.148374682,124.8
0.145374633,125.2
0.158513389,125.6
0.166788786,126
0.161290549,126.4
0.154697624,126.8
0.140859532,127.2
0.143612889,127.6
0.153059164,128
0.154388338,128.4
0.14200677,128.8
0.164925912,129.2
0.172789895,129.6
0.161954767,130
0.169036094,130.4
0.162978994,130.8
0.210447884,131.2
0.162303616,131.6
0.127298167,132
0.119885113,132.4
0.12810576,132.8
0.161495813,133.2
0.16660043,133.6
0.145523616,134
0.166503362,134.4
0.185035972,134.8
0.171587136,135.2
0.144191222,135.6
0.138988136,136
0.162565524,136.4
0.149087224,136.8
0.131150596,137.2
0.118454041,137.6
0.107640492,138
0.101331568,138.4
0.106619871,138.8
0.113638096,139.2
0.101106408,139.6
0.107351041,140
0.111087728,140.4
0.102507546,140.8
0.094847346,141.2
0.11060717,141.6
0.127589313,142
0.132904783,142.4
0.131154608,142.8
0.142646658,143.2
0.169355382,143.6
0.135263764,144
0.130267321,144.4
0.092002747,144.8
0.096222123,145.2
0.127870656,145.6
0.181076243,146
0.185506372,146.4
0.204496554,146.8
0.23356874,147.2
0.208714235,147.6
0.201590409,148
0.189294448,148.4
0.174163389,148.8
0.163196255,149.2
0.156200654,149.6
0.16525292,150
0.173542006,150.4
0.178671893,150.8
0.167732928,151.2
0.198989863,151.6
0.194892845,152
0.111792241,152.4
0.083273899,152.8
0.096044664,153.2
0.094811243,153.6
0.113112284,154
0.130104744,154.4
0.132383178,154.8
0.147695161,155.2
0.159327086,155.6
0.226062017,156
0.14371615,156.4
0.124263047,156.8
0.115825567,157.2
0.112482397,157.6
0.111319206,158
0.119080617,158.4
0.122233994,158.8
0.11595142,159.2
0.114213092,159.6
0.115526434,160
0.121919053,160.4
0.109038307,160.8
0.123730642,161.2
0.117610844,161.6
0.111602094,162
0.134110234,162.4
0.144578803,162.8
0.150031061,163.2
0.145618685,163.6
0.156237276,164
0.155681918,164.4
0.131962338,164.8
0.122405592,165.2
0.104366925,165.6
0.098731378,166
0.095112494,166.4
0.106926211,166.8
0.101039516,167.2
0.100255174,167.6
0.096640708,168
0.107815219,168.4
0.111022741,168.8
0.122484046,169.2
0.136473183,169.6
0.157362602,170
0.149798045,170.4
0.140082069,170.8
0.169082274,171.2
0.199100705,171.6
0.226211398,172
0.26592158,172.4
0.220913095,172.8
0.252176638,173.2
0.23659263,173.6
0.208814762,174
0.169999026,174.4
0.143993112,174.8
0.134876804,175.2
0.12006788,175.6
0.126375337,176
0.130632556,176.4
0.152321785,176.8
0.141561367,177.2
0.137735852,177.6
0.129564514,178
0.167978891,178.4
0.183986623,178.8
0.223889667,179.2
0.242581388,179.6
0.220563644,180
0.203992811,180.4
0.193768771,180.8
0.179544618,181.2
0.184600563,181.6
0.205192588,182
0.187260245,182.4
0.180555863,182.8
0.169600697,183.2
0.136418131,183.6
0.143320611,184
0.145090094,184.4
0.145809943,184.8
0.149093012,185.2
0.146028984,185.6
0.121278188,186
0.120711739,186.4
0.102677227,186.8
0.150845425,187.2
0.151174517,187.6
0.144792337,188
0.158019466,188.4
0.158137964,188.8
0.171864436,189.2
0.177791943,189.6
0.189251384,190
0.184799423,190.4
0.117553858,190.8
0.119944469,191.2
0.082962622,191.6
0.084732103,192
0.129349507,192.4
0.11855874,192.8
0.134497511,193.2
0.141988275,193.6
0.137106988,194
0.124814385,194.4
0.129455935,194.8
0.126929223,195.2
0.112582945,195.6
0.123245543,196
0.119931613,196.4
0.110531098,196.8
0.113495284,197.2
0.097585569,197.6
0.097636559,198
0.10768533,198.4
0.112268751,198.8
0.109833007,199.2
0.116130501,199.6
0.099702104,200
0.093943297,200.4
0.098468078,200.8
0.115337762,201.2
0.117443191,201.6
0.107104353,202
0.103734704,202.4
0.142186201,202.8
0.127585845,203.2
0.118560163,203.6
0.143490807,204
0.152359604,204.4
0.122500869,204.8
0.122733246,205.2
0.125707094,205.6
0.129924629,206
0.12394704,206.4
0.121941454,206.8
0.13037241,207.2
0.141776768,207.6
0.138151921,208
0.129749699,208.4
0.131902927,208.8
0.133790289,209.2
0.129753886,209.6
0.150845241,210
0.183232911,210.4
0.194553008,210.8
0.163805792,211.2
0.160338413,211.6
0.173081443,212
0.164778515,212.4
0.173289768,212.8
0.184766318,213.2
0.185611827,213.6
0.154490104,214
0.124369468,214.4
0.135021821,214.8
0.135350486,215.2
0.137503761,215.6
0.16242716,216
0.192556906,216.4
0.179574975,216.8
0.172616005,217.2
0.139962207,217.6
0.139271347,218
0.154978453,218.4
0.159021783,218.8
0.216301495,219.2
0.232557119,219.6
0.186923813,220
0.169699119,220.4
0.150125093,220.8
0.14974559,221.2
0.158905043,221.6
0.167938378,222
0.16362048,222.4
0.186228319,222.8
0.147548208,223.2
0.119079349,223.6
0.164801027,224
0.198543982,224.4
0.217475211,224.8
0.18741632,225.2
0.19162307,225.6
0.204337907,226
0.213612902,226.4
0.226359016,226.8
0.219324114,227.2
0.190826729,227.6
0.184748149,228
0.128932475,228.4
0.133752002,228.8
0.133050629,229.2
0.130408546,229.6
0.149994611,230
0.127773994,230.4
0.137382514,230.8
0.125713223,231.2
0.129105127,231.6
0.127523761,232
0.132374918,232.4
0.134621332,232.8
0.151863996,233.2
0.132395814,233.6
0.13592507,234
0.122589307,234.4
0.147355715,234.8
0.155444453,235.2
0.164951398,235.6
0.15417279,236
0.178351977,236.4
0.167213074,236.8
0.129842207,237.2
0.108057194,237.6
0.127524821,238
0.132357218,238.4
0.114045735,238.8
0.122353448,239.2
0.12714487,239.6
0.114749416,240
0.125283155,240.4
0.110563989,240.8
0.103150601,241.2
0.099754699,241.6
0.098128172,242
0.095110673,242.4
0.082731298,242.8
0.095238138,243.2
0.102629064,243.6
0.147271298,244
0.145172638,244.4
0.151858925,244.8
0.16779576,245.2
0.16131214,245.6
0.135770127,246
0.135926807,246.4
0.131261729,246.8
0.142881563,247.2
0.12886769,247.6
0.119635728,248
0.103482819,248.4
0.132877494,248.8
0.124379611,249.2
0.113154151,249.6
0.121962505,250
0.146864035,250.4
0.142992515,250.8
0.121517307,251.2
0.142999802,251.6
0.137463693,252
0.157414368,252.4
0.161334685,252.8
0.147448072,253.2
0.141077344,253.6
0.112529773,254
0.121815113,254.4
0.134424606,254.8
0.141084223,255.2
0.140150308,255.6
0.146295215,256
0.124727994,256.4
0.118388976,256.8
0.099271828,257.2
0.099029216,257.6
0.102136872,258
0.117081462,258.4
0.120103867,258.8
0.108394988,259.2
0.115877857,259.6
0.15849281,260
0.155703127,260.4
0.168285794,260.8
0.134763001,261.2
0.137940381,261.6
0.11317922,262
0.128329025,262.4
0.114066669,262.8
0.135655486,263.2
0.158407851,263.6
0.15610046,264
0.130289331,264.4
0.143907492,264.8
0.155859099,265.2
0.142014245,265.6
0.152107684,266
0.152559011,266.4
0.137488669,266.8
0.139125357,267.2
0.184885805,267.6
0.1908699,268
0.2030403,268.4
0.200244565,268.8
0.162231778,269.2
0.159663604,269.6
0.140990769,270
0.147814198,270.4
0.166026496,270.8
0.1768414,271.2
0.140224983,271.6
0.126896829,272
0.127212762,272.4
0.13745554,272.8
0.153198267,273.2
0.15028138,273.6
0.144484678,274
0.139840921,274.4
0.120707688,274.8
0.139176357,275.2
0.177591643,275.6
0.178938186,276
0.15896154,276.4
0.145936416,276.8
0.134483259,277.2
0.118294513,277.6
0.129219094,278
0.173049039,278.4
0.180055515,278.8
0.177506061,279.2
0.179711288,279.6
0.167331751,280
0.15905666,280.4
0.143088559,280.8
0.13638518,281.2
0.12990505,281.6
0.209334766,282
0.193170402,282.4
0.192689755,282.8
0.1488874,283.2
0.136873441,283.6
0.123646857,284
0.130767964,284.4
0.118835817,284.8
0.119167387,285.2
0.137642767,285.6
0.128004176,286
0.107135494,286.4
0.126147596,286.8
0.123992439,287.2
0.089175129,287.6
0.086342517,288
0.105674025,288.4
0.107708987,288.8
0.115775116,289.2
0.116838592,289.6
0.128285963,290
0.12271701,290.4
0.129609042,290.8
0.13890329,291.2
0.143576334,291.6
0.167981062,292
0.239044774,292.4
0.227298941,292.8
0.194281441,293.2
0.203495077,293.6
0.113692471,294
0.12672383,294.4
0.142678218,294.8
0.123151331,295.2
0.115991108,295.6
0.125466986,296
0.148273382,296.4
0.141823668,296.8
0.127969722,297.2
0.127579548,297.6
0.130355722,298
0.130881116,298.4
0.125545599,298.8
0.123336105,299.2
0.144023906,299.6
0.146930594,300
0.167013664,300.4
0.162134066,300.8
0.168391954,301.2
0.17931704,301.6
0.18835674,302
0.185303518,302.4
0.140997749,302.8
0.114261247,303.2
0.108198229,303.6
0.120879896,304
0.122435834,304.4
0.112127314,304.8
0.108738708,305.2
0.115402029,305.6
0.119037871,306
0.109648676,306.4
0.129368275,306.8
0.134942163,307.2
0.143265105,307.6
0.143280139,308
0.143590571,308.4
0.139883932,308.8
0.144374503,309.2
0.147512952,309.6
0.14232218,310
0.145965165,310.4
0.137267128,310.8
0.146950216,311.2
0.148050117,311.6
0.134570985,312
0.143881279,312.4
0.138313764,312.8
0.132975482,313.2
0.105769978,313.6
0.096281689,314
0.108605807,314.4
0.118098176,314.8
0.124377441,315.2
0.125826502,315.6
0.122643518,316
0.130278888,316.4
0.141727428,316.8
0.135453994,317.2
0.12095588,317.6
0.138376884,318
0.156112318,318.4
0.201300751,318.8
0.245346046,319.2
0.276071126,319.6
0.232981404,320
0.201588576,320.4
0.183326408,320.8
0.161289737,321.2
0.152282688,321.6
0.144775494,322
0.123728087,322.4
0.09540378,322.8
0.099671324,323.2
0.112501506,323.6
0.121186904,324
0.12610333,324.4
0.127528527,324.8
0.124840577,325.2
0.111048119,325.6
0.134558045,326
0.128744992,326.4
0.120307852,326.8
0.135334819,327.2
0.120056412,327.6
0.122363468,328
0.119305132,328.4
0.109970483,328.8
0.115107767,329.2
0.104732487,329.6
0.108151622,330
0.114553575,330.4
0.117492904,330.8
0.109791803,331.2
0.114702923,331.6
0.116365167,332
0.114047956,332.4
0.110057647,332.8
0.122163324,333.2
0.142283093,333.6
0.164365289,334
0.21262749,334.4
0.211127303,334.8
0.217357368,335.2
0.146795519,335.6
0.182224974,336
0.178553981,336.4
0.158743183,336.8
0.191216204,337.2
0.198575488,337.6
0.193068274,338
0.181627989,338.4
0.188639995,338.8
0.223928552,339.2
0.228835027,339.6
0.184600557,340
0.20339379,340.4
0.198797863,340.8
0.176185019,341.2
0.152131586,341.6
0.173035014,342
0.170576597,342.4
0.18673379,342.8
0.170878987,343.2
0.139676608,343.6
0.134881962,344
0.144803555,344.4
0.150916974,344.8
0.163089172,345.2
0.188510064,345.6
0.191624125,346
0.175787947,346.4
0.138396625,346.8
0.158554219,347.2
0.151297311,347.6
0.126979908,348
0.13952921,348.4
0.139863753,348.8
0.128940787,349.2
0.160308156,349.6
0.179526427,350
0.190331187,350.4
0.16181839,350.8
0.149275509,351.2
0.158228012,351.6
0.150997274,352
0.118359839,352.4
0.113840829,352.8
0.120092353,353.2
0.117293121,353.6
0.124721111,354
0.146683168,354.4
0.155315565,354.8
0.165025518,355.2
0.13292619,355.6
0.1439492,356
0.144017727,356.4
0.141244175,356.8
0.153109046,357.2
0.163715055,357.6
0.179628967,358
0.167846358,358.4
0.161346944,358.8
0.168823686,359.2
0.168415497,359.6
0.16631257,360
0.162522257,360.4
0.173954584,360.8
0.161222755,361.2
0.168761463,361.6
0.177808568,362
0.187375185,362.4
0.237015566,362.8
0.265092156,363.2
0.28705329,363.6
0.282960318,364
0.206110157,364.4
0.177168568,364.8
0.194360257,365.2
0.190861841,365.6
0.172998789,366
0.165832066,366.4
0.164656972,366.8
0.126675393,367.2
0.129347707,367.6
0.208616247,368
0.193569942,368.4
0.140290484,368.8
0.125854443,369.2
0.13174737,369.6
0.133391169,370
0.133639784,370.4
0.12993932,370.8
0.144350667,371.2
0.185280332,371.6
0.179954927,372
0.181236332,372.4
0.158823124,372.8
0.122414749,373.2
0.134246281,373.6
0.137781405,374
0.167784341,374.4
0.214543848,374.8
0.240012121,375.2
0.256671976,375.6
0.259967668,376
0.244860117,376.4
0.226095635,376.8
0.210200834,377.2
0.227834114,377.6
0.215838591,378
0.165623134,378.4
0.101974128,378.8
0.066830514,379.2
0.084979349,379.6
0.145446486,380
0.17070882,380.4
0.158355306,380.8
0.202796372,381.2
0.225501376,381.6
0.222688175,382
0.180987758,382.4
0.16791288,382.8
0.175751847,383.2
0.19535972,383.6
0.162349055,384
0.169873944,384.4
0.156951051,384.8
0.131077153,385.2
0.11574935,385.6
0.108794316,386
0.10711442,386.4
0.13335183,386.8
0.141607706,387.2
0.17967573,387.6
0.188435598,388
0.166522356,388.4
0.138141908,388.8
0.124984524,389.2
0.141498268,389.6
0.136702152,390
0.135704368,390.4
0.130646942,390.8
0.110394402,391.2
0.134502535,391.6
0.138060392,392
0.134653646,392.4
0.174560883,392.8
0.196962185,393.2
0.176285568,393.6
0.168168868,394
0.181082874,394.4
0.177185295,394.8
0.174095689,395.2
0.17020269,395.6
0.175100145,396
0.171848021,396.4
0.146562352,396.8
0.158861288,397.2
0.143807217,397.6
0.140103595,398
0.124718027,398.4
0.129189839,398.8
0.134701089,399.2
0.162567529,399.6
0.18780279,400
0.18811355,400.4
0.204394633,400.8
0.247559421,401.2
0.226622084,401.6
0.217334524,402
0.206779088,402.4
0.232417938,402.8
0.209735617,403.2
0.162712249,403.6
0.163581468,404
0.182647302,404.4
0.157813355,404.8
0.130834491,405.2
0.120096712,405.6
0.146958597,406
0.14210307,406.4
0.135353917,406.8
0.149916794,407.2
0.165003414,407.6
0.163863106,408
0.151614389,408.4
0.149056741,408.8
0.143438932,409.2
0.142202207,409.6
0.125178219,410
0.116048995,410.4
0.094930172,410.8
0.099859189,411.2
0.116965176,411.6
0.117085607,412
0.106563844,412.4
0.096234323,412.8
0.100635235,413.2
0.104742156,413.6
0.135687414,414
0.131776149,414.4
0.114668795,414.8
0.125996637,415.2
0.132614436,415.6
0.140110508,416
0.134773994,416.4
0.11839694,416.8
0.119320023,417.2
0.106496748,417.6
0.105379854,418
0.126238882,418.4
0.122075861,418.8
0.120269121,419.2
0.123665165,419.6
0.141303068,420
0.134822307,420.4
0.125301694,420.8
0.123386942,421.2
0.156860394,421.6
0.176806302,422
0.16781765,422.4
0.160248799,422.8
0.182898892,423.2
0.120317515,423.6
0.116664346,424
0.119362496,424.4
0.117623636,424.8
0.12130755,425.2
0.160617019,425.6
0.1183399,426
0.111644493,426.4
0.107672929,426.8
0.114259553,427.2
0.102366932,427.6
0.094898649,428
0.081008876,428.4
0.084453062,428.8
0.085113432,429.2
0.085213484,429.6
0.096245049,430
0.083028575,430.4
0.09355255,430.8
0.100043807,431.2
0.093966406,431.6
0.095764538,432
0.089985981,432.4
0.103804631,432.8
0.107844939,433.2
0.115159738,433.6
0.12772161,434
0.126093977,434.4
0.122395936,434.8
0.128322966,435.2
0.128198017,435.6
0.137155308,436
0.138996628,436.4
0.14326093,436.8
0.158138854,437.2
0.205047111,437.6
0.191154511,438
0.216299764,438.4
0.139075585,438.8
0.104564398,439.2
0.12153687,439.6
0.111920687,440
0.113805978,440.4
0.109636691,440.8
0.091036657,441.2
0.088808001,441.6
0.085004998,442
0.089027417,442.4
0.099518324,442.8
0.120921661,443.2
0.139489764,443.6
0.144124336,444
0.149666163,444.4
0.156077224,444.8
0.154176059,445.2
0.152242264,445.6
0.163946171,446
0.1431761,446.4
0.14723408,446.8
0.156318707,447.2
0.122334558,447.6
0.118732149,448
0.123656305,448.4
0.116054972,448.8
0.134779844,449.2
0.151279078,449.6
0.174200675,450
0.19530456,450.4
0.159718633,450.8
0.171638339,451.2
0.139093104,451.6
0.131593579,452
0.104160688,452.4
0.088665464,452.8
0.102923919,453.2
0.105542431,453.6
0.119380975,454
0.124988573,454.4
0.097152646,454.8
0.084329193,455.2
0.09222141,455.6
0.095720008,456
0.101773395,456.4
0.094646391,456.8
0.103665982,457.2
0.095656102,457.6
0.088484629,458
0.090354413,458.4
0.094820498,458.8
0.105802961,459.2
0.100170797,459.6
0.101354361,460
0.106772532,460.4
0.13652409,460.8
0.157181225,461.2
0.192735618,461.6
0.198074768,462
0.166452148,462.4
0.150324104,462.8
0.141060287,463.2
0.123806636,463.6
0.094394099,464
0.087502952,464.4
0.086255576,464.8
0.098774406,465.2
0.104217673,465.6
0.110492877,466
0.112157874,466.4
0.112933529,466.8
0.113038025,467.2
0.115964938,467.6
0.124023596,468
0.129470334,468.4
0.107313584,468.8
0.098579307,469.2
0.098957797,469.6
0.092914612,470
0.116004034,470.4
0.121113361,470.8
0.127222484,471.2
0.125152948,471.6
0.119548744,472
0.109942969,472.4
0.103943347,472.8
0.114552291,473.2
0.112179825,473.6
0.112673672,474
0.101442533,474.4
0.107344019,474.8
0.103882795,475.2
0.129570476,475.6
0.160931423,476
0.165840514,476.4
0.169724488,476.8
0.154897367,477.2
0.140433683,477.6
0.136222038,478
0.126958232,478.4
0.134896595,478.8
0.126116025,479.2
0.133062295,479.6
0.123391998,480
0.116804865,480.4
0.118957361,480.8
0.104426541,481.2
0.111424654,481.6
0.111095365,482
0.131079832,482.4
0.136299899,482.8
0.123646159,483.2
0.119448127,483.6
0.118118613,484
0.130691937,484.4
0.117417719,484.8
0.130124033,485.2
0.108646087,485.6
0.088402924,486
0.091777152,486.4
0.103018574,486.8
0.180442739,487.2
0.163253653,487.6
0.147012698,488
0.146645778,488.4
0.161267941,488.8
0.192179666,489.2
0.148288733,489.6
0.131306647,490
0.099417148,490.4
0.080884597,490.8
0.108595282,491.2
0.1320328,491.6
0.126786698,492
0.123978195,492.4
0.11330182,492.8
0.123388396,493.2
0.128561832,493.6
0.148140545,494
0.167555697,494.4
0.139068418,494.8
0.114695819,495.2
0.144840911,495.6
0.118210142,496
0.11883698,496.4
0.099527288,496.8
0.100137943,497.2
0.110129715,497.6
0.100344809,498
0.110665228,498.4
0.140369329,498.8
0.137237639,499.2
0.133593543,499.6
0.145396558,500
0.137728681,500.4
0.128737555,500.8
0.110842307,501.2
0.109041372,501.6
0.144774038,502
0.20229713,502.4
0.219532097,502.8
0.194647656,503.2
0.160294462,503.6
0.139260108,504
0.14218114,504.4
0.160118874,504.8
0.18358185,505.2
0.179298605,505.6
0.17871508,506
0.130127643,506.4
0.135040023,506.8
0.116778958,507.2
0.113229675,507.6
0.118061945,508
0.115329542,508.4
0.119998957,508.8
0.117414292,509.2
0.126140204,509.6
0.108785649,510
0.127750792,510.4
0.133825219,510.8
0.152053616,511.2
0.158893423,511.6
0.148474133,512
0.138000043,512.4
0.134897111,512.8
0.127570499,513.2
0.112505408,513.6
0.133200687,514
0.087935227,514.4
0.06924567,514.8
0.13431414,515.2
0.163101655,515.6
0.176019225,516
0.172161679,516.4
0.14663965,516.8
0.139603559,517.2
0.124645969,517.6
0.113166234,518
0.0996828,518.4
0.102696507,518.8
0.098154485,519.2
0.097598489,519.6
0.09632194,520
0.094150671,520.4
0.101448852,520.8
0.116177699,521.2
0.126913769,521.6
0.146934514,522
0.222676012,522.4
0.244471297,522.8
0.225673761,523.2
0.272494413,523.6
0.25064235,524
0.196845854,524.4
0.199688507,524.8
0.227481771,525.2
0.203209958,525.6
0.217500959,526
0.225006878,526.4
0.206088383,526.8
0.189307263,527.2
0.167329466,527.6
0.173959249,528
0.170440786,528.4
0.155100081,528.8
0.151354235,529.2
0.138656106,529.6
0.145722329,530
0.130163345,530.4
0.132377792,530.8
0.13721393,531.2
0.134323271,531.6
0.14533991,532
0.149073336,532.4
0.149711844,532.8
0.159168542,533.2
0.130216952,533.6
0.106411792,534
0.12001035,534.4
0.1321481,534.8
0.145845544,535.2
0.13570166,535.6
0.13642152,536
0.126979892,536.4
0.117176767,536.8
0.107857314,537.2
0.110147036,537.6
0.103835252,538
0.098472692,538.4
0.10617936,538.8
0.110002007,539.2
0.120041357,539.6
0.127999701,540
0.127128542,540.4
0.122539461,540.8
0.118403043,541.2
0.169336586,541.6
0.206170266,542
0.227012653,542.4
0.249608642,542.8
0.245049214,543.2
0.224607243,543.6
0.217655468,544
0.168706677,544.4
0.131082401,544.8
0.093147574,545.2
0.074321601,545.6
0.088544284,546
0.073316791,546.4
0.097254485,546.8
0.100550929,547.2
0.08947416,547.6
0.083013367,548
0.087896757,548.4
0.100062329,548.8
0.090397293,549.2
0.091519693,549.6
0.096658388,550
0.123438254,550.4
0.12549962,550.8
0.126081466,551.2
0.115590868,551.6
0.135260503,552
0.124153069,552.4
0.149109422,552.8
0.175389812,553.2
0.155671327,553.6
0.142553603,554
0.141331488,554.4
0.189329857,554.8
0.227053588,555.2
0.235599404,555.6
0.231802531,556
0.239980238,556.4
0.211445831,556.8
0.178986699,557.2
0.167072901,557.6
0.142622636,558
0.140117277,558.4
0.145087679,558.8
0.134929755,559.2
0.152055043,559.6
0.155532683,560
0.149277259,560.4
0.136359259,560.8
0.13064492,561.2
0.157936105,561.6
0.14253057,562
0.153108837,562.4
0.172564716,562.8
0.181430175,563.2
0.16836675,563.6
0.144946923,564
0.147885557,564.4
0.188315425,564.8
0.296216382,565.2
0.234895872,565.6
0.171281436,566
0.14927832,566.4
0.146417931,566.8
0.170128609,567.2
0.172208755,567.6
0.153784578,568
0.167294927,568.4
0.162403891,568.8
0.138989833,569.2
0.139582,569.6
0.133661454,570
0.137967396,570.4
0.137759901,570.8
0.185707779,571.2
0.228562871,571.6
0.09499444,572
0.121557616,572.4
0.156705659,572.8
0.179225779,573.2
0.162854752,573.6
0.155756383,574
0.140876139,574.4
0.121024336,574.8
0.118534675,575.2
0.112172015,575.6
0.137194227,576
0.186374383,576.4
0.194287004,576.8
0.158389065,577.2
0.140928397,577.6
0.15463069,578
0.17666243,578.4
0.169199919,578.8
0.168823116,579.2
0.174901183,579.6
0.152331096,580
0.142182316,580.4
0.165129895,580.8
0.14434677,581.2
0.140647451,581.6
0.126088448,582
0.122540227,582.4
0.129877542,582.8
0.128078496,583.2
0.110074632,583.6
0.098710747,584
0.100891734,584.4
0.113514228,584.8
0.120295203,585.2
0.129295345,585.6
0.128816235,586
0.135069082,586.4
0.135879205,586.8
0.121807828,587.2
0.120070936,587.6
0.103602485,588
0.10577302,588.4
0.099287693,588.8
0.108155578,589.2
0.131883712,589.6
0.140399515,590
0.142857843,590.4
0.138267686,590.8
0.151456388,591.2
0.161598042,591.6
0.158746981,592
0.146071503,592.4
0.144853747,592.8
0.13720338,593.2
0.151315503,593.6
0.11776866,594
0.109189112,594.4
0.126886169,594.8
0.148774011,595.2
0.13997963,595.6
0.120801394,596
0.113035872,596.4
0.1340022,596.8
0.165016948,597.2
0.180083597,597.6
0.1854055,598
0.190786571,598.4
0.1842302,598.8
0.186875652,599.2
0.172913757,599.6
0.183680965,600
0.175397063,600.4
0.170164793,600.8
0.158799515,601.2
0.142951888,601.6
0.123741714,602
0.109402686,602.4
0.10376372,602.8
0.143633888,603.2
0.146778586,603.6
0.128647311,604
0.13008874,604.4
0.101867249,604.8
0.11640909,605.2
0.139859152,605.6
0.123433987,606
0.128338848,606.4
0.139567454,606.8
0.136323345,607.2
0.14011514,607.6
0.135294638,608
0.118075608,608.4
0.138370965,608.8
0.148529249,609.2
0.133983383,609.6
0.14170215,610
0.14265404,610.4
0.137882529,610.8
0.141532658,611.2
0.156238162,611.6
0.132526933,612
0.13658285,612.4
0.162577455,612.8
0.123291648,613.2
0.115349722,613.6
0.143135617,614
0.152400353,614.4
0.160935534,614.8
0.158490801,615.2
0.162474454,615.6
0.164293655,616
0.142471034,616.4
0.116061867,616.8
0.121429384,617.2
0.167981078,617.6
0.174376902,618
0.217247137,618.4
0.22255801,618.8
0.260589676,619.2
0.231749248,619.6
0.225859251,620
0.200966251,620.4
0.194512664,620.8
0.208657482,621.2
0.20511,621.6
0.179322956,622
0.171977111,622.4
0.178198627,622.8
0.152376405,623.2
0.141116795,623.6
0.181176228,624
0.199323578,624.4
0.200335236,624.8
0.180963172,625.2
0.161423495,625.6
0.152105437,626
0.144621366,626.4
0.142656343,626.8
0.121256342,627.2
0.109898318,627.6
0.104011622,628
0.105513926,628.4
0.111241197,628.8
0.115223012,629.2
0.109846366,629.6
0.107903721,630
0.107012008,630.4
0.109331931,630.8
0.128055208,631.2
0.119728071,631.6
0.124136622,632
0.13549663,632.4
0.138967507,632.8
0.160748892,633.2
0.188378285,633.6
0.210088444,634
0.193749251,634.4
0.198519113,634.8
0.139023182,635.2
0.163888328,635.6
0.185088002,636
0.219236339,636.4
0.226079591,636.8
0.230832916,637.2
0.231022964,637.6
0.222092781,638
0.203938566,638.4
0.158588521,638.8
0.148894383,639.2
0.151336709,639.6
0.167787892,640
0.144586611,640.4
0.144945746,640.8
0.147729071,641.2
0.128588439,641.6
0.116543636,642
0.10453144,642.4
0.108278655,642.8
0.101079266,643.2
0.111308654,643.6
0.108869791,644
0.11305373,644.4
0.119757555,644.8
0.132193366,645.2
0.164762304,645.6
0.168523597,646
0.178690585,646.4
0.157124998,646.8
0.150281009,647.2
0.147735306,647.6
0.123276922,648
0.119340887,648.4
0.12828019,648.8
0.109491684,649.2
0.113525124,649.6
0.100475797,650
0.085194526,650.4
0.08988419,650.8
0.097975344,651.2
0.102798934,651.6
0.099083917,652
0.102510965,652.4
0.10661325,652.8
0.091170386,653.2
0.115541622,653.6
0.130032629,654
0.123278499,654.4
0.117174808,654.8
0.127137628,655.2
0.131439772,655.6
0.131067003,656
0.142100945,656.4
0.142029009,656.8
0.114220211,657.2
0.12176683,657.6
0.142952918,658
0.158913892,658.4
0.160177983,658.8
0.154789682,659.2
0.147211387,659.6
0.115294157,660
0.095561122,660.4
0.091998421,660.8
0.113999194,661.2
0.115111792,661.6
0.129251891,662
0.144474222,662.4
0.149205414,662.8
0.137564598,663.2
0.141625257,663.6
0.144166548,664
0.145209593,664.4
0.151194185,664.8
0.153762896,665.2
0.159645489,665.6
0.170277053,666
0.201542229,666.4
0.232989741,666.8
0.170240374,667.2
0.162363441,667.6
0.170867421,668
0.185889907,668.4
0.167852582,668.8
0.137410861,669.2
0.125770725,669.6
0.105364899,670
0.094232566,670.4
0.094966811,670.8
0.107790777,671.2
0.126138968,671.6
0.122536281,672
0.121164171,672.4
0.12518533,672.8
0.128184641,673.2
0.126262623,673.6
0.092767944,674
0.110732204,674.4
0.12219981,674.8
0.163914269,675.2
0.162387266,675.6
0.168979448,676
0.174552715,676.4
0.172958922,676.8
0.190631861,677.2
0.188641011,677.6
0.161073503,678
0.194135133,678.4
0.206479233,678.8
0.154975406,679.2
0.144273112,679.6
0.157135044,680
0.157028959,680.4
0.155721658,680.8
0.183130535,681.2
0.177105122,681.6
0.102521895,682
0.12609073,682.4
0.167457366,682.8
0.174631267,683.2
0.149568825,683.6
0.150016505,684
0.150527118,684.4
0.173319842,684.8
0.18349729,685.2
0.168991153,685.6
0.131232554,686
0.147666271,686.4
0.148680656,686.8
0.172895826,687.2
0.175719758,687.6
0.158019992,688
0.14331636,688.4
0.144555136,688.8
0.140043761,689.2
0.153434514,689.6
0.122812821,690
0.115906247,690.4
0.104598497,690.8
0.130719435,691.2
0.158776255,691.6
0.151286353,692
0.146297725,692.4
0.140720124,692.8
0.158413855,693.2
0.151238655,693.6
0.152853124,694
0.154916616,694.4
0.121935572,694.8
0.116916761,695.2
0.113163408,695.6
0.118079399,696
0.133651557,696.4
0.13232389,696.8
0.163251776,697.2
0.153284675,697.6
0.162745075,698
0.176438508,698.4
0.160226765,698.8
0.16283254,699.2
0.160037485,699.6
0.170583018,700
0.134914323,700.4
0.093958754,700.8
0.098421315,701.2
0.094384553,701.6
0.108062217,702
0.10599401,702.4
0.12496847,702.8
0.126287483,703.2
0.111866772,703.6
0.109595204,704
0.107000491,704.4
0.116604293,704.8
0.121713119,705.2
0.081463153,705.6
0.10068709,706
0.103746284,706.4
0.081982915,706.8
0.089376125,707.2
0.105101969,707.6
0.164505958,708
0.185634001,708.4
0.170070501,708.8
0.154533067,709.2
0.128732653,709.6
0.111318889,710
0.108686206,710.4
0.112418872,710.8
0.106342916,711.2
0.121149161,711.6
0.096195556,712
0.122988111,712.4
0.09600077,712.8
0.084842328,713.2
0.118496707,713.6
0.109431964,714
0.10357353,714.4
0.115206158,714.8
0.124473976,715.2
0.121580953,715.6
0.134180731,716
0.149316417,716.4
0.139071259,716.8
0.116246517,717.2
0.119432898,717.6
0.146732073,718
0.141336262,718.4
0.177831109,718.8
0.203913671,719.2
0.211597137,719.6
0.168401494,720
0.151050336,720.4
0.145668643,720.8
0.122283661,721.2
0.118115823,721.6
0.112795253,722
0.114310396,722.4
0.141896531,722.8
0.133879987,723.2
0.120841588,723.6
0.142178931,724
0.14363071,724.4
0.142348403,724.8
0.149360816,725.2
0.146996643,725.6
0.112878552,726
0.135948545,726.4
0.158096183,726.8
0.167765005,727.2
0.172184549,727.6
0.173320836,728
0.16932677,728.4
0.173153001,728.8
0.175111935,729.2
0.162760648,729.6
0.143919715,730
0.137496249,730.4
0.154372454,730.8
0.139412539,731.2
0.133772044,731.6
0.169115107,732
0.186229766,732.4
0.203937309,732.8
0.221318298,733.2
0.218707554,733.6
0.214429882,734
0.213742608,734.4
0.210885614,734.8
0.209913359,735.2
0.231494275,735.6
0.201491688,736
0.163988688,736.4
0.148969318,736.8
0.129341368,737.2
0.104637757,737.6
0.114349521,738
0.111594867,738.4
0.114117314,738.8
0.143988476,739.2
0.139861377,739.6
0.105962567,740
0.109145133,740.4
0.102872484,740.8
0.120000553,741.2
0.122146218,741.6
0.146695754,742
0.161628078,742.4
0.157394938,742.8
0.148895136,743.2
0.157936786,743.6
0.180746437,744
0.158277136,744.4
0.153699392,744.8
0.170119356,745.2
0.217850284,745.6
0.231740919,746
0.222223539,746.4
0.216183624,746.8
0.196837203,747.2
0.159960743,747.6
0.202662285,748
0.181697328,748.4
0.186463678,748.8
0.12033145,749.2
0.120713785,749.6
0.134207356,750
0.143248142,750.4
0.133934285,750.8
0.137034507,751.2
0.184096975,751.6
0.188972795,752
0.196692795,752.4
0.180054849,752.8
0.156341682,753.2
0.170749954,753.6
0.172383631,754
0.187498203,754.4
0.187294451,754.8
0.197628592,755.2
0.19792142,755.6
0.195775362,756
0.188632532,756.4
0.158257188,756.8
0.140656712,757.2
0.136403851,757.6
0.122255332,758
0.114913915,758.4
0.106982831,758.8
0.102256648,759.2
0.09756269,759.6
0.108669888,760
0.120948585,760.4
0.157988432,760.8
0.163983635,761.2
0.150841936,761.6
0.153439978,762
0.187105322,762.4
0.180249227,762.8
0.155591373,763.2
0.162503427,763.6
0.174438037,764
0.15487948,764.4
0.143119336,764.8
0.114778605,765.2
0.104372184,765.6
0.09613429,766
0.107263505,766.4
0.12929487,766.8
0.119365457,767.2
0.1160107,767.6
0.105487254,768
0.098099588,768.4
0.105996632,768.8
0.113496405,769.2
0.114064531,769.6
0.118054124,770
0.13989819,770.4
0.117349642,770.8
0.08934014,771.2
0.126182416,771.6
0.143250875,772
0.158413712,772.4
0.15008753,772.8
0.126084666,773.2
0.131461201,773.6
0.132082992,774
0.132866163,774.4
0.129407434,774.8
0.11209724,775.2
0.095473364,775.6
0.105301465,776
0.149026986,776.4
0.176575088,776.8
0.133779379,777.2
0.147981501,777.6
0.156205375,778
0.138072157,778.4
0.098096498,778.8
0.104019495,779.2
0.123375231,779.6
0.131255644,780
0.130832492,780.4
0.114242786,780.8
0.110130425,781.2
0.119203572,781.6
0.087176283,782
0.097582194,782.4
0.087357173,782.8
0.079916357,783.2
0.103448638,783.6
0.104711384,784
0.145710034,784.4
0.128237337,784.8
0.111781447,785.2
0.111591689,785.6
0.098880971,786
0.106253546,786.4
0.111794875,786.8
0.115325472,787.2
0.121453685,787.6
0.108395693,788
0.132873536,788.4
0.149535278,788.8
0.182096036,789.2
0.171742497,789.6
0.150864934,790
0.134120183,790.4
0.120414286,790.8
0.125272424,791.2
0.102753519,791.6
0.125074338,792
0.165079963,792.4
0.158648737,792.8
0.144364736,793.2
0.132621818,793.6
0.127506208,794
0.129871885,794.4
0.133438016,794.8
0.126703679,795.2
0.134335557,795.6
0.13279208,796
0.138673032,796.4
0.134928229,796.8
0.126576029,797.2
0.097773254,797.6
0.126872227,798
0.134995129,798.4
0.134375247,798.8
0.145114853,799.2
0.137391155,799.6
0.130141558,800
0.127409847,800.4
0.122811552,800.8
0.126521037,801.2
0.117243029,801.6
0.11523432,802
0.115512575,802.4
0.112848591,802.8
0.104607994,803.2
0.093999905,803.6
0.100743158,804
0.116221617,804.4
0.122771765,804.8
0.121864421,805.2
0.134017134,805.6
0.136408419,806
0.146257797,806.4
0.135978092,806.8
0.13834731,807.2
0.123338382,807.6
0.120552213,808
0.12117151,808.4
0.118914377,808.8
0.124145397,809.2
0.118263383,809.6
0.121489147,810
0.108888505,810.4
0.121767072,810.8
0.141988557,811.2
0.135595525,811.6
0.134681023,812
0.129029633,812.4
0.126791402,812.8
0.126891036,813.2
0.121119942,813.6
0.127077053,814
0.115785412,814.4
0.121057363,814.8
0.108119263,815.2
0.09708953,815.6
0.097769253,816
0.14588898,816.4
0.139820651,816.8
0.139127741,817.2
0.115819152,817.6
0.088122161,818
0.095153923,818.4
0.090962164,818.8
0.106376856,819.2
0.140428735,819.6
0.117614917,820
0.107529411,820.4
0.090823875,820.8
0.097321151,821.2
0.100787178,821.6
0.103169957,822
0.106404494,822.4
0.113034595,822.8
0.123719508,823.2
0.128761778,823.6
0.125259339,824
0.120676892,824.4
0.113456924,824.8
0.113889599,825.2
0.121972086,825.6
0.138004267,826
0.125406111,826.4
0.108281863,826.8
0.111605707,827.2
0.103853976,827.6
0.153783757,828
0.139896534,828.4
0.147911078,828.8
0.132534822,829.2
0.121349992,829.6
0.115494831,830
0.106627612,830.4
0.111624002,830.8
0.111047464,831.2
0.111207344,831.6
0.123161838,832
0.131682531,832.4
0.173765122,832.8
0.177605123,833.2
0.161168903,833.6
0.147488911,834
0.158102289,834.4
0.157865726,834.8
0.14962432,835.2
0.136236058,835.6
0.119061138,836
0.114145799,836.4
0.111297731,836.8
0.122618392,837.2
0.124823481,837.6
0.114954551,838
0.110714636,838.4
0.106694012,838.8
0.113716927,839.2
0.142353124,839.6
0.158880516,840
0.162963967,840.4
0.180509659,840.8
0.183567935,841.2
0.172015952,841.6
0.152044754,842
0.123755285,842.4
0.119193523,842.8
0.132077848,843.2
0.118784488,843.6
0.11417067,844
0.12772833,844.4
0.133226408,844.8
0.123469349,845.2
0.134537304,845.6
0.16117847,846
0.177196871,846.4
0.168466274,846.8
0.172302453,847.2
0.158286433,847.6
0.136904004,848
0.1178529,848.4
0.108541051,848.8
0.10098735,849.2
0.088607983,849.6
0.084801944,850
0.097587375,850.4
0.101534042,850.8
0.112204298,851.2
0.110308293,851.6
0.13452181,852
0.136801475,852.4
0.138342785,852.8
0.132541856,853.2
0.127973412,853.6
0.108261237,854
0.12110698,854.4
0.129137174,854.8
0.104627111,855.2
0.14079534,855.6
0.1087469,856
0.108220297,856.4
0.109951603,856.8
0.11710654,857.2
0.131705648,857.6
0.13069618,858
0.126660129,858.4
0.124067261,858.8
0.134966107,859.2
0.127988578,859.6
0.151284076,860
0.156940506,860.4
0.159072549,860.8
0.151911368,861.2
0.162495338,861.6
0.139530723,862
0.142131498,862.4
0.138293671,862.8
0.155378963,863.2
0.152241633,863.6
0.142799681,864
0.140159747,864.4
0.13722682,864.8
0.116143829,865.2
0.135044336,865.6
0.137011931,866
0.142049058,866.4
0.140788413,866.8
0.146317778,867.2
0.154180624,867.6
0.150688127,868
0.118746091,868.4
0.112074157,868.8
0.101174601,869.2
0.113567294,869.6
0.110977651,870
0.118235621,870.4
0.109822238,870.8
0.097468907,871.2
0.111418828,871.6
0.124813908,872
0.133230223,872.4
0.121675545,872.8
0.138045175,873.2
0.131101903,873.6
0.131787399,874
0.146321795,874.4
0.16344222,874.8
0.172395213,875.2
0.162189928,875.6
0.160095979,876
0.18345512,876.4
0.221620428,876.8
0.182695302,877.2
0.18132904,877.6
0.186604107,878
0.200741101,878.4
0.128142665,878.8
0.150034134,879.2
0.190039571,879.6
0.168167386,880
0.159662431,880.4
0.163477648,880.8
0.142739395,881.2
0.123980506,881.6
0.128546532,882
0.132165515,882.4
0.127786892,882.8
0.147989493,883.2
0.139710878,883.6
0.159451039,884
0.14215224,884.4
0.104058777,884.8
0.089908205,885.2
0.093710905,885.6
0.104120295,886
0.08442321,886.4
0.088848968,886.8
0.104311042,887.2
0.134283252,887.6
0.157351396,888
0.183627739,888.4
0.173796298,888.8
0.167344939,889.2
0.143937544,889.6
0.129320061,890
0.134736731,890.4
0.145936638,890.8
0.138740966,891.2
0.127128337,891.6
0.101424946,892
0.096689416,892.4
0.110331172,892.8
0.09975096,893.2
0.107162055,893.6
0.113905099,894
0.115425257,894.4
0.114106772,894.8
0.116331875,895.2
0.121638193,895.6
0.122329593,896
0.131673962,896.4
0.125244585,896.8
0.123643688,897.2
0.129397482,897.6
0.124983096,898
0.123887882,898.4
0.10036368,898.8
0.129488511,899.2
0.138684679,899.6
0.139775339,900
0.13879347,900.4
0.156428278,900.8
0.159656538,901.2
0.151531745,901.6
0.145037908,902
0.151923058,902.4
0.163923278,902.8
0.146912546,903.2
0.164267155,903.6
0.131292925,904
0.126437135,904.4
0.114242154,904.8
0.114903365,905.2
0.118981842,905.6
0.107737086,906
0.111974475,906.4
0.114858856,906.8
0.106851811,907.2
0.12831711,907.6
0.1178056,908
0.119408193,908.4
0.169229002,908.8
0.164498752,909.2
0.153933099,909.6
0.147845839,910
0.151806535,910.4
0.15575526,910.8
0.155740221,911.2
0.150190568,911.6
0.156109064,912
0.118121341,912.4
0.107511508,912.8
0.103646368,913.2
0.119044162,913.6
0.127591018,914
0.122496248,914.4
0.12629274,914.8
0.141301771,915.2
0.137771982,915.6
0.132728289,916
0.129797881,916.4
0.146727354,916.8
0.128564573,917.2
0.131978198,917.6
0.131046239,918
0.146028516,918.4
0.142557646,918.8
0.123527385,919.2
0.101426345,919.6
0.117600024,920
0.109556229,920.4
0.106203822,920.8
0.144413717,921.2
0.156893591,921.6
0.173319585,922
0.183993896,922.4
0.159314792,922.8
0.12680341,923.2
0.146064214,923.6
0.144579094,924
0.148155689,924.4
0.174013562,924.8
0.14574138,925.2
0.147423943,925.6
0.094390163,926
0.091385123,926.4
0.128039355,926.8
0.141802685,927.2
0.138867718,927.6
0.110245585,928
0.141700153,928.4
0.133668485,928.8
0.129085272,929.2
0.164563848,929.6
0.171481186,930
0.168802301,930.4
0.166312751,930.8
0.193093933,931.2
0.206594189,931.6
0.193401465,932
0.159763435,932.4
0.113404078,932.8
0.097850456,933.2
0.139984718,933.6
0.135090743,934
0.10109296,934.4
0.096488579,934.8
0.101461729,935.2
0.105874457,935.6
0.11630219,936
0.114060189,936.4
0.139823917,936.8
0.122740024,937.2
0.110259474,937.6
0.134060308,938
0.155580585,938.4
0.168045584,938.8
0.171979921,939.2
0.201258913,939.6
0.201965809,940
0.214918395,940.4
0.189551333,940.8
0.167114509,941.2
0.17407149,941.6
0.191069921,942
0.176163772,942.4
0.16809024,942.8
0.132620156,943.2
0.120761818,943.6
0.114720062,944
0.128797353,944.4
0.118442066,944.8
0.120704486,945.2
0.168856432,945.6
0.165354123,946
0.172877956,946.4
0.14441438,946.8
0.161988394,947.2
0.140558189,947.6
0.16503265,948
0.18291273,948.4
0.185657278,948.8
0.192825056,949.2
0.156658858,949.6
0.135244185,950
0.132566013,950.4
0.123347375,950.8
0.106036188,951.2
0.116329034,951.6
0.129381991,952
0.109781154,952.4
0.117487932,952.8
0.126419157,953.2
0.16524818,953.6
0.134801933,954
0.109635484,954.4
0.113089434,954.8
0.126226558,955.2
0.140695945,955.6
0.169848157,956
0.165666671,956.4
0.162864049,956.8
0.166991886,957.2
0.135099087,957.6
0.144067547,958
0.168044364,958.4
0.171909711,958.8
0.2146068,959.2
0.252998703,959.6
0.156259554,960
0.14372543,960.4
0.16996037,960.8
0.18033027,961.2
0.147709397,961.6
0.135426069,962
0.112561946,962.4
0.120191873,962.8
0.110494568,963.2
0.127486151,963.6
0.12822623,964
0.180660528,964.4
0.164909178,964.8
0.137781605,965.2
0.124392749,965.6
0.174195524,966
0.20636199,966.4
0.232018263,966.8
0.231076439,967.2
0.19491962,967.6
0.188092112,968
0.195310806,968.4
0.191065436,968.8
0.175257387,969.2
0.155105686,969.6
0.145794821,970
0.128910182,970.4
0.125291547,970.8
0.117001525,971.2
0.095950578,971.6
0.102373797,972
0.098239324,972.4
0.102584905,972.8
0.104178523,973.2
0.120479271,973.6
0.147941356,974
0.151234245,974.4
0.119867166,974.8
0.135257862,975.2
0.145422021,975.6
0.137128069,976
0.180231584,976.4
0.165061574,976.8
0.133578604,977.2
0.1253476,977.6
0.088727424,978
0.100678794,978.4
0.118454257,978.8
0.13345336,979.2
0.144069976,979.6
0.113937991,980
0.109147422,980.4
0.111128888,980.8
0.115726019,981.2
0.125901239,981.6
0.130473973,982
0.12987443,982.4
0.152253212,982.8
0.145222677,983.2
0.115878353,983.6
0.115476456,984
0.130764131,984.4
0.141422005,984.8
0.144405362,985.2
0.147177662,985.6
0.117118329,986
0.119451581,986.4
0.122740319,986.8
0.135509043,987.2
0.131596888,987.6
0.133799818,988
0.12696315,988.4
0.159998323,988.8
0.124672228,989.2
0.134701074,989.6
0.136928424,990
0.14602123,990.4
0.112975912,990.8
0.094953039,991.2
0.098209848,991.6
0.086081422,992
0.078797991,992.4
0.093784234,992.8
0.114555846,993.2
0.11010513,993.6
0.1146089,994
0.121448651,994.4
0.148883397,994.8
0.155097104,995.2
0.133489534,995.6
0.122236776,996
0.120023253,996.4
0.162672286,996.8
0.158744907,997.2
0.124635281,997.6
0.111235643,998
0.11854025,998.4
0.118855528,998.8
0.099949357,999.2
0.09473331,999.6
0.097036553,1000
0.093443974,1000.4
0.157470171,1000.8
0.176963325,1001.2
0.169896996,1001.6
0.203972222,1002
0.211923395,1002.4
0.139871699,1002.8
0.141947771,1003.2
0.157118755,1003.6
0.163840334,1004
0.16163486,1004.4
0.153227496,1004.8
0.144802928,1005.2
0.131318386,1005.6
0.121706719,1006
0.105067374,1006.4
0.133892127,1006.8
0.11270097,1007.2
0.107288998,1007.6
0.169883459,1008
0.196904798,1008.4
0.202694219,1008.8
0.196877086,1009.2
0.189567812,1009.6
0.168867693,1010
0.151599976,1010.4
0.16351807,1010.8
0.154927786,1011.2
0.132767661,1011.6
0.153834876,1012
0.164566121,1012.4
0.160491729,1012.8
0.150030798,1013.2
0.15810719,1013.6
0.164644875,1014
0.160840976,1014.4
0.147755125,1014.8
0.176261838,1015.2
0.160937596,1015.6
0.152232241,1016
0.172705629,1016.4
0.162108446,1016.8
0.178651545,1017.2
0.203541764,1017.6
0.194586016,1018
0.183953666,1018.4
0.170262667,1018.8
0.161049802,1019.2
0.174477011,1019.6
0.200704726,1020
0.126952877,1020.4
0.153726883,1020.8
0.151340816,1021.2
0.141711344,1021.6
0.137571499,1022
0.157608839,1022.4
0.148491655,1022.8
0.14363451,1023.2
0.167809426,1023.6
0.160977143,1024
0.186999411,1024.4
0.174289402,1024.8
0.153925019,1025.2
0.143531161,1025.6
0.125355964,1026
0.15444871,1026.4
0.1414284,1026.8
0.108972437,1027.2
0.099507841,1027.6
0.105558033,1028
0.10813585,1028.4
0.121200349,1028.8
0.115790369,1029.2
0.10448654,1029.6
0.099454136,1030
0.118731146,1030.4
0.111602187,1030.8
0.098430006,1031.2
0.105937955,1031.6
0.119558245,1032
0.131287013,1032.4
0.126738451,1032.8
0.131706755,1033.2
0.132757647,1033.6
0.128392238,1034
0.134947885,1034.4
0.175377969,1034.8
0.136217478,1035.2
0.12976295,1035.6
0.102745262,1036
0.105026803,1036.4
0.121544829,1036.8
0.10373587,1037.2
0.129850502,1037.6
0.135565097,1038
0.129838906,1038.4
0.143455084,1038.8
0.127489888,1039.2
0.14357521,1039.6
0.1499361,1040
0.104521126,1040.4
0.132966531,1040.8
0.14520491,1041.2
0.136047074,1041.6
0.13963373,1042
0.118416912,1042.4
0.135271346,1042.8
0.140611799,1043.2
0.150027335,1043.6
0.138163142,1044
0.132493628,1044.4
0.186194573,1044.8
0.209554039,1045.2
0.208452296,1045.6
0.193643158,1046
0.18917686,1046.4
0.208682754,1046.8
0.233293155,1047.2
0.246493499,1047.6
0.227028897,1048
0.224539265,1048.4
0.210941821,1048.8
0.176693769,1049.2
0.194295029,1049.6
0.171826082,1050
0.149855996,1050.4
0.144656013,1050.8
0.148841005,1051.2
0.14577655,1051.6
0.103281389,1052
0.106529623,1052.4
0.077443233,1052.8
0.100866588,1053.2
0.115660653,1053.6
0.16628123,1054
0.157421333,1054.4
0.156087544,1054.8
0.168083373,1055.2
0.168238877,1055.6
0.164714677,1056
0.160054065,1056.4
0.166937026,1056.8
0.129846902,1057.2
0.1104174,1057.6
0.133863334,1058
0.14785958,1058.4
0.155471167,1058.8
0.202331434,1059.2
0.169794444,1059.6
0.143366364,1060
0.129791497,1060.4
0.143938092,1060.8
0.172577066,1061.2
0.165420529,1061.6
0.156541248,1062
0.16268297,1062.4
0.190046858,1062.8
0.199948434,1063.2
0.170151802,1063.6
0.143974071,1064
0.198053711,1064.4
0.159960124,1064.8
0.125619922,1065.2
0.117297961,1065.6
0.113624951,1066
0.126609501,1066.4
0.120647189,1066.8
0.106606913,1067.2
0.117281632,1067.6
0.129276511,1068
0.132894971,1068.4
0.131307577,1068.8
0.161957969,1069.2
0.173958137,1069.6
0.111683788,1070
0.127063324,1070.4
0.17241697,1070.8
0.183710553,1071.2
0.179280831,1071.6
0.186952004,1072
0.166612821,1072.4
0.155938896,1072.8
0.175898058,1073.2
0.151335695,1073.6
0.170737585,1074
0.154825307,1074.4
0.147563509,1074.8
0.148973819,1075.2
0.127456952,1075.6
0.138035014,1076
0.142473677,1076.4
0.154808856,1076.8
0.153282315,1077.2
0.215732172,1077.6
0.234595693,1078
0.24418671,1078.4
0.21127646,1078.8
0.182175902,1079.2
0.15601323,1079.6
0.105419593,1080
0.107600312,1080.4
0.116082566,1080.8
0.136606404,1081.2
0.15977494,1081.6
0.217532635,1082
0.270073538,1082.4
0.266936559,1082.8
0.277828842,1083.2
0.175176109,1083.6
0.14239381,1084
0.126015172,1084.4
0.133115469,1084.8
0.11410088,1085.2
0.177559681,1085.6
0.177814222,1086
0.129032227,1086.4
0.092531218,1086.8
0.096153004,1087.2
0.113231812,1087.6
0.11330145,1088
0.091128603,1088.4
0.08599516,1088.8
0.104416438,1089.2
0.115219365,1089.6
0.118753067,1090
0.123230288,1090.4
0.111025781,1090.8
0.10023614,1091.2
0.105769467,1091.6
0.110496452,1092
0.10270943,1092.4
0.102635128,1092.8
0.096566827,1093.2
0.108589828,1093.6
0.130445722,1094
0.187253132,1094.4
0.190634579,1094.8
0.221815881,1095.2
0.174521894,1095.6
0.164852148,1096
0.129127373,1096.4
0.13860227,1096.8
0.144987306,1097.2
0.131264534,1097.6
0.145412943,1098
0.181631252,1098.4
0.165429681,1098.8
0.16953014,1099.2
0.176270232,1099.6
0.17258839,1100
0.155815424,1100.4
0.128841635,1100.8
0.129736132,1101.2
0.202451732,1101.6
0.242291852,1102
0.097890436,1102.4
0.095392883,1102.8
0.116357072,1103.2
0.140228073,1103.6
0.129607438,1104
0.133660736,1104.4
0.123991221,1104.8
0.122924732,1105.2
0.127456174,1105.6
0.125779532,1106
0.134553667,1106.4
0.143653084,1106.8
0.122660344,1107.2
0.129349592,1107.6
0.139209838,1108
0.128037887,1108.4
0.132965639,1108.8
0.143311467,1109.2
0.142122591,1109.6
0.132201215,1110
0.124022812,1110.4
0.115963843,1110.8
0.141008745,1111.2
0.114982147,1111.6
0.120394419,1112
0.114449096,1112.4
0.083740306,1112.8
0.095778126,1113.2
0.115734863,1113.6
0.167316648,1114
0.179965298,1114.4
0.173057748,1114.8
0.189185288,1115.2
0.183205504,1115.6
0.170373618,1116
0.163789251,1116.4
0.168949462,1116.8
0.179022528,1117.2
0.142966108,1117.6
0.190294163,1118
0.197669422,1118.4
0.182119938,1118.8
0.201979898,1119.2
0.204963576,1119.6
0.197111118,1120
0.187144536,1120.4
0.182103021,1120.8
0.152463858,1121.2
0.176796338,1121.6
0.168384965,1122
0.201880752,1122.4
0.150299879,1122.8
0.13494333,1123.2
0.133404299,1123.6
0.104498842,1124
0.159738781,1124.4
0.165677462,1124.8
0.159580717,1125.2
0.162865303,1125.6
0.147546174,1126
0.152081712,1126.4
0.162805374,1126.8
0.171137923,1127.2
0.1847716,1127.6
0.174701081,1128
0.1544854,1128.4
0.152801833,1128.8
0.137011287,1129.2
0.118861544,1129.6
0.11839544,1130
0.127090287,1130.4
0.115351988,1130.8
0.103978828,1131.2
0.102169383,1131.6
0.123965458,1132
0.14338526,1132.4
0.145034204,1132.8
0.112582086,1133.2
0.128344062,1133.6
0.136875299,1134
0.124880467,1134.4
0.125289731,1134.8
0.173740536,1135.2
0.176427194,1135.6
0.157059425,1136
0.155924016,1136.4
0.151773444,1136.8
0.175118285,1137.2
0.171027938,1137.6
0.16606526,1138
0.182082949,1138.4
0.178858322,1138.8
0.178193562,1139.2
0.185342177,1139.6
0.155286227,1140
0.125206465,1140.4
0.167720451,1140.8
0.162541929,1141.2
0.183389624,1141.6
0.129050982,1142
0.120562592,1142.4
0.13381238,1142.8
0.146146351,1143.2
0.173144783,1143.6
0.154982705,1144
0.141228354,1144.4
0.140100648,1144.8
0.150063845,1145.2
0.161759966,1145.6
0.152416752,1146
0.134080485,1146.4
0.180307899,1146.8
0.173406158,1147.2
0.158647837,1147.6
0.159194332,1148
0.142926331,1148.4
0.143460522,1148.8
0.169088882,1149.2
0.18892087,1149.6
0.224720824,1150
0.158716414,1150.4
0.102825693,1150.8
0.132245089,1151.2
0.181328469,1151.6
0.159661771,1152
0.145905896,1152.4
0.146129821,1152.8
0.168348433,1153.2
0.19828689,1153.6
0.209535711,1154
0.199609069,1154.4
0.167557066,1154.8
0.126400395,1155.2
0.110434081,1155.6
0.117669087,1156
0.146477079,1156.4
0.147194767,1156.8
0.150221825,1157.2
0.150628587,1157.6
0.133803864,1158
0.126998148,1158.4
0.114873117,1158.8
0.134054489,1159.2
0.139067301,1159.6
0.149575401,1160
0.162970737,1160.4
0.162222228,1160.8
0.145688979,1161.2
0.127155643,1161.6
0.125436457,1162
0.098751917,1162.4
0.089482224,1162.8
0.088931708,1163.2
0.094100658,1163.6
0.146182394,1164
0.138513514,1164.4
0.132560121,1164.8
0.159258112,1165.2
0.1668349,1165.6
0.159288535,1166
0.141996542,1166.4
0.157841339,1166.8
0.134681701,1167.2
0.112246535,1167.6
0.099354795,1168
0.106218538,1168.4
0.117781193,1168.8
0.160213173,1169.2
0.178855944,1169.6
0.142598346,1170
0.137915966,1170.4
0.133735297,1170.8
0.122546406,1171.2
0.121038092,1171.6
0.119691487,1172
0.099487272,1172.4
0.087655031,1172.8
0.088902063,1173.2
0.085482935,1173.6
0.090414483,1174
0.090626291,1174.4
0.10429949,1174.8
0.103569905,1175.2
0.113189997,1175.6
0.119277718,1176
0.107706311,1176.4
0.108737755,1176.8
0.120753807,1177.2
0.122228878,1177.6
0.137873546,1178
0.139460561,1178.4
0.144126239,1178.8
0.11642047,1179.2
0.126890489,1179.6
0.112390467,1180
0.117906247,1180.4
0.115907799,1180.8
0.107764309,1181.2
0.118802051,1181.6
0.130103452,1182
0.15484149,1182.4
0.131249761,1182.8
0.131072429,1183.2
0.117277592,1183.6
0.131176485,1184
0.175096964,1184.4
0.173987322,1184.8
0.167039461,1185.2
0.194311736,1185.6
0.231418018,1186
0.211106536,1186.4
0.200892359,1186.8
0.243612743,1187.2
0.274080102,1187.6
0.225571747,1188
0.171748646,1188.4
0.150431094,1188.8
0.127543164,1189.2
0.117670928,1189.6
0.1262876,1190
0.143272169,1190.4
0.144657515,1190.8
0.138288384,1191.2
0.180801049,1191.6
0.197704689,1192
0.200996536,1192.4
0.168309944,1192.8
0.14311124,1193.2
0.180357063,1193.6
0.198303706,1194
0.21369024,1194.4
0.161352828,1194.8
0.110848406,1195.2
0.113057812,1195.6
0.119596811,1196
0.117950168,1196.4
0.106426611,1196.8
0.100765774,1197.2
0.106919799,1197.6
0.110320263,1198
0.102303566,1198.4
0.098387146,1198.8
0.103269986,1199.2
0.103485368,1199.6
0.114522027,1200
0.111199908,1200.4
0.113970071,1200.8
0.110970965,1201.2
0.122045076,1201.6
0.121303379,1202
0.113068568,1202.4
0.084123298,1202.8
0.097750072,1203.2
0.101054831,1203.6
0.107045422,1204
0.140753957,1204.4
0.168510459,1204.8
0.169964964,1205.2
0.160531133,1205.6
0.151692304,1206
0.138933978,1206.4
0.143966501,1206.8
0.143062828,1207.2
0.168279996,1207.6
0.151705272,1208
0.134916645,1208.4
0.120914997,1208.8
0.138095153,1209.2
0.139150941,1209.6
0.152627431,1210
0.132547279,1210.4
0.110268464,1210.8
0.123799311,1211.2
0.098499149,1211.6
0.093133336,1212
0.091610563,1212.4
0.097841381,1212.8
0.092187168,1213.2
0.126809456,1213.6
0.131013979,1214
0.152228085,1214.4
0.161495706,1214.8
0.166688741,1215.2
0.191358284,1215.6
0.204337934,1216
0.195341677,1216.4
0.174734526,1216.8
0.167269155,1217.2
0.168832111,1217.6
0.164625983,1218
0.156501716,1218.4
0.157000501,1218.8
0.162092376,1219.2
0.183348951,1219.6
0.215627416,1220
0.153792711,1220.4
0.177593838,1220.8
0.190056902,1221.2
0.235582848,1221.6
0.232227524,1222
0.229591718,1222.4
0.225289286,1222.8
0.257094977,1223.2
0.230677765,1223.6
0.186849123,1224
0.16976724,1224.4
0.144917856,1224.8
0.145093936,1225.2
0.151227404,1225.6
0.135203798,1226
0.127569261,1226.4
0.131758303,1226.8
0.142531606,1227.2
0.125915162,1227.6
0.129173666,1228
0.13283219,1228.4
0.144552131,1228.8
0.123819154,1229.2
0.124574319,1229.6
0.131473069,1230
0.134330503,1230.4
0.117278256,1230.8
0.107562139,1231.2
0.099810263,1231.6
0.098722342,1232
0.11505066,1232.4
0.124830163,1232.8
0.128035378,1233.2
0.129886716,1233.6
0.132748009,1234
0.136587509,1234.4
0.156477165,1234.8
0.152856874,1235.2
0.157212468,1235.6
0.108736296,1236
0.118717906,1236.4
0.146265241,1236.8
0.155709136,1237.2
0.136938571,1237.6
0.127611661,1238
0.13034198,1238.4
0.127920347,1238.8
0.125650879,1239.2
0.11024939,1239.6
0.157536653,1240
0.170159946,1240.4
0.189436523,1240.8
0.192879726,1241.2
0.248425342,1241.6
0.29851452,1242
0.314264522,1242.4
0.279163216,1242.8
0.278079789,1243.2
0.208948644,1243.6
0.162528455,1244
0.12916198,1244.4
0.130694832,1244.8
0.154304694,1245.2
0.150680202,1245.6
0.174349003,1246
0.168536068,1246.4
0.151151683,1246.8
0.157969411,1247.2
0.134424531,1247.6
0.14689245,1248
0.132599727,1248.4
0.159557083,1248.8
0.138747277,1249.2
0.149789598,1249.6
0.140186822,1250
0.119853312,1250.4
0.100305117,1250.8
0.086490062,1251.2
0.090272173,1251.6
0.1195309,1252
0.152008992,1252.4
0.186706784,1252.8
0.181979371,1253.2
0.20673429,1253.6
0.190718396,1254
0.219668857,1254.4
0.235225306,1254.8
0.217902075,1255.2
0.220168105,1255.6
0.196521826,1256
0.122288995,1256.4
0.135133558,1256.8
0.139587613,1257.2
0.12554235,1257.6
0.142530531,1258
0.147587405,1258.4
0.136909338,1258.8
0.114355262,1259.2
0.112619822,1259.6
0.084423444,1260
0.101303447,1260.4
0.106399675,1260.8
0.134429751,1261.2
0.116724848,1261.6
0.09991952,1262
0.107266732,1262.4
0.107405329,1262.8
0.192236996,1263.2
0.182467234,1263.6
0.173569664,1264
0.159390594,1264.4
0.141512152,1264.8
0.137098677,1265.2
0.129219585,1265.6
0.151538893,1266
0.154195754,1266.4
0.162134191,1266.8
0.132860382,1267.2
0.130135595,1267.6
0.118313964,1268
0.105077931,1268.4
0.109680208,1268.8
0.12201076,1269.2
0.124880654,1269.6
0.135671596,1270
0.122363211,1270.4
0.111713823,1270.8
0.103977751,1271.2
0.11425231,1271.6
0.103793366,1272
0.101807939,1272.4
0.103649396,1272.8
0.113075354,1273.2
0.112529118,1273.6
0.106427476,1274
0.101561712,1274.4
0.122983735,1274.8
0.115148996,1275.2
0.103183608,1275.6
0.093167282,1276
0.112799826,1276.4
0.129682403,1276.8
0.115279417,1277.2
0.118367473,1277.6
0.123018091,1278
0.120644687,1278.4
0.122933049,1278.8
0.143312937,1279.2
0.151319265,1279.6
0.158150006,1280
0.180802988,1280.4
0.120489575,1280.8
0.075512726,1281.2
0.122930104,1281.6
0.191874899,1282
0.193283899,1282.4
0.152150678,1282.8
0.145970801,1283.2
0.138923956,1283.6
0.133903992,1284
0.115914068,1284.4
0.109648919,1284.8
0.089092301,1285.2
0.104460112,1285.6
0.123198248,1286
0.150288513,1286.4
0.138366882,1286.8
0.149740827,1287.2
0.130825836,1287.6
0.143759834,1288
0.114523067,1288.4
0.152867823,1288.8
0.165847989,1289.2
0.160676715,1289.6
0.160451413,1290
0.169547025,1290.4
0.163391572,1290.8
0.176472804,1291.2
0.186674391,1291.6
0.168796789,1292
0.147148014,1292.4
0.160889026,1292.8
0.167585425,1293.2
0.153415163,1293.6
0.12526907,1294
0.128424588,1294.4
0.136400756,1294.8
0.137898095,1295.2
0.088645152,1295.6
0.10442932,1296
0.127629425,1296.4
0.127859857,1296.8
0.122514082,1297.2
0.13350076,1297.6
0.205522469,1298
0.230758179,1298.4
0.214465736,1298.8
0.228604332,1299.2
0.201717492,1299.6
0.206277595,1300
0.194829177,1300.4
0.186627167,1300.8
0.188901886,1301.2
0.204926239,1301.6
0.20646427,1302
0.184719711,1302.4
0.179987835,1302.8
0.184889014,1303.2
0.143501764,1303.6
0.10687958,1304
0.104498129,1304.4
0.088650389,1304.8
0.080680753,1305.2
0.08194518,1305.6
0.079986943,1306
0.101532718,1306.4
0.095371103,1306.8
0.090248952,1307.2
0.097246147,1307.6
0.102777472,1308
0.084685665,1308.4
0.121447373,1308.8
0.108597928,1309.2
0.104662799,1309.6
0.105538448,1310
0.10720452,1310.4
0.121961411,1310.8
0.114911211,1311.2
0.094823443,1311.6
0.109922759,1312
0.106471559,1312.4
0.113173115,1312.8
0.117021596,1313.2
0.129165954,1313.6
0.123167063,1314
0.12085602,1314.4
0.117458084,1314.8
0.124613322,1315.2
0.117232508,1315.6
0.12162665,1316
0.145494269,1316.4
0.125533382,1316.8
0.116779354,1317.2
0.115129003,1317.6
0.109100448,1318
0.101357124,1318.4
0.098108287,1318.8
0.114027004,1319.2
0.110481309,1319.6
0.12262408,1320
0.141774806,1320.4
0.15237845,1320.8
0.147575604,1321.2
0.131699647,1321.6
0.143108469,1322
0.148317802,1322.4
0.145753846,1322.8
0.138974734,1323.2
0.12817993,1323.6
0.13757143,1324
0.157149675,1324.4
0.172148118,1324.8
0.190704778,1325.2
0.203828812,1325.6
0.170373466,1326
0.172064905,1326.4
0.176635955,1326.8
0.170955855,1327.2
0.203763944,1327.6
0.188126203,1328
0.168769238,1328.4
0.202149214,1328.8
0.190355944,1329.2
0.165988674,1329.6
0.153006738,1330
0.176974775,1330.4
0.241917522,1330.8
0.239022451,1331.2
0.263849141,1331.6
0.195497194,1332
0.120919242,1332.4
0.101196783,1332.8
0.108675173,1333.2
0.159920867,1333.6
0.205711178,1334
0.198650597,1334.4
0.191557631,1334.8
0.174924016,1335.2
0.184803216,1335.6
0.194445347,1336
0.218794751,1336.4
0.232566036,1336.8
0.197594788,1337.2
0.17623018,1337.6
0.14957072,1338
0.138927213,1338.4
0.117976808,1338.8
0.120280824,1339.2
0.122846571,1339.6
0.123030813,1340
0.123837538,1340.4
0.124499295,1340.8
0.126767931,1341.2
0.114685195,1341.6
0.129058028,1342
0.125330019,1342.4
0.126492759,1342.8
0.135005721,1343.2
0.132742446,1343.6
0.110997319,1344
0.113573093,1344.4
0.114615582,1344.8
0.102763353,1345.2
0.117184684,1345.6
0.135743306,1346
0.152418043,1346.4
0.18413081,1346.8
0.174653753,1347.2
0.188095545,1347.6
0.210005027,1348
0.230580688,1348.4
0.201869548,1348.8
0.225608793,1349.2
0.249042044,1349.6
0.240519552,1350
0.196979575,1350.4
0.170659816,1350.8
0.181969122,1351.2
0.171718749,1351.6
0.15148174,1352
0.159291873,1352.4
0.124625701,1352.8
0.123433214,1353.2
0.128687487,1353.6
0.14126111,1354
0.128074598,1354.4
0.129256525,1354.8
0.119348193,1355.2
0.112801595,1355.6
0.122056011,1356
0.119879865,1356.4
0.1236363,1356.8
0.128842205,1357.2
0.107233758,1357.6
0.09333914,1358
0.088823267,1358.4
0.105855356,1358.8
0.120758939,1359.2
0.110832755,1359.6
0.102666998,1360
0.121919529,1360.4
0.147363797,1360.8
0.160799407,1361.2
0.153925536,1361.6
0.148208609,1362
0.12734127,1362.4
0.154112226,1362.8
0.166557379,1363.2
0.161746619,1363.6
0.10296777,1364
0.101380609,1364.4
0.111450883,1364.8
0.108212661,1365.2
0.165540888,1365.6
0.200365067,1366
0.174134033,1366.4
0.199191614,1366.8
0.216981883,1367.2
0.196268337,1367.6
0.186919302,1368
0.183780522,1368.4
0.14267653,1368.8
0.128298807,1369.2
0.128595478,1369.6
0.129233511,1370
0.116387436,1370.4
0.109163327,1370.8
0.116150313,1371.2
0.109887974,1371.6
0.101005145,1372
0.101669266,1372.4
0.107291697,1372.8
0.116939588,1373.2
0.124037231,1373.6
0.120624515,1374
0.123474666,1374.4
0.091287313,1374.8
0.088277769,1375.2
0.091421887,1375.6
0.096136418,1376
0.109814612,1376.4
0.131568657,1376.8
0.125007152,1377.2
0.118882172,1377.6
0.11736497,1378
0.120430604,1378.4
0.150781732,1378.8
0.186702295,1379.2
0.219883167,1379.6
0.18657539,1380
0.147747221,1380.4
0.111292812,1380.8
0.101395587,1381.2
0.092224821,1381.6
0.12070373,1382
0.130864549,1382.4
0.11819628,1382.8
0.12125278,1383.2
0.130156105,1383.6
0.132737373,1384
0.122873128,1384.4
0.119278465,1384.8
0.135839065,1385.2
0.139331608,1385.6
0.149414311,1386
0.121906639,1386.4
0.118648164,1386.8
0.095923943,1387.2
0.099964798,1387.6
0.115623405,1388
0.114934977,1388.4
0.121551079,1388.8
0.125600562,1389.2
0.133721682,1389.6
0.117554818,1390
0.113845635,1390.4
0.117335221,1390.8
0.117870684,1391.2
0.120838619,1391.6
0.108719743,1392
0.111478342,1392.4
0.105009054,1392.8
0.12000523,1393.2
0.142290439,1393.6
0.110727379,1394
0.129714979,1394.4
0.13340034,1394.8
0.122257732,1395.2
0.115222213,1395.6
0.11365031,1396
0.146847587,1396.4
0.175046401,1396.8
0.142563686,1397.2
0.104727742,1397.6
0.175382123,1398
0.23538805,1398.4
0.233972233,1398.8
0.229912816,1399.2
0.207170523,1399.6
0.197433532,1400
0.167620777,1400.4
0.13502879,1400.8
0.112683425,1401.2
0.106925279,1401.6
0.12748525,1402
0.1286049,1402.4
0.153916466,1402.8
0.177371326,1403.2
0.187954222,1403.6
0.179956235,1404
0.163231125,1404.4
0.143962562,1404.8
0.126374749,1405.2
0.09751701,1405.6
0.096436623,1406
0.102170885,1406.4
0.087896152,1406.8
0.111403584,1407.2
0.111298271,1407.6
0.098288332,1408
0.103181122,1408.4
0.101349265,1408.8
0.088717508,1409.2
0.0655662,1409.6
0.07873092,1410
0.090263309,1410.4
0.082308541,1410.8
0.086886711,1411.2
0.094598938,1411.6
0.08906582,1412
0.07656777,1412.4
0.086470261,1412.8
0.105098093,1413.2
0.102318399,1413.6
0.128552434,1414
0.113834313,1414.4
0.099351355,1414.8
0.12292359,1415.2
0.133806304,1415.6
0.107561624,1416
0.140726045,1416.4
0.110893527,1416.8
0.115348814,1417.2
0.145677242,1417.6
0.157987619,1418
0.11220092,1418.4
0.10928672,1418.8
0.125230481,1419.2
0.141239894,1419.6
0.222824041,1420
0.221473847,1420.4
0.180407464,1420.8
0.154314084,1421.2
0.11819736,1421.6
0.112679182,1422
0.122583754,1422.4
0.122580438,1422.8
0.152672902,1423.2
0.160522067,1423.6
0.133910525,1424
0.129312419,1424.4
0.131539363,1424.8
0.152712666,1425.2
0.208977551,1425.6
0.234958537,1426
0.238540652,1426.4
0.206099012,1426.8
0.153812059,1427.2
0.147240628,1427.6
0.168338632,1428
0.148320297,1428.4
0.118372313,1428.8
0.121596303,1429.2
0.160371262,1429.6
0.153981784,1430
0.137715917,1430.4
0.113943545,1430.8
0.11594608,1431.2
0.11650071,1431.6
0.127860098,1432
0.130479493,1432.4
0.130816197,1432.8
0.136522649,1433.2
0.150708412,1433.6
0.14670852,1434
0.158313622,1434.4
0.147247583,1434.8
0.166097978,1435.2
0.177559681,1435.6
0.178408886,1436
0.177884535,1436.4
0.172270092,1436.8
0.185052071,1437.2
0.186799998,1437.6
0.193808052,1438
0.182713076,1438.4
0.158978325,1438.8
0.134790874,1439.2
0.134437056,1439.6
0.128335526,1440
0.116109388,1440.4
0.125094252,1440.8
0.125035658,1441.2
0.129616413,1441.6
0.159471502,1442
0.150856409,1442.4
0.182277982,1442.8
0.167791262,1443.2
0.152858275,1443.6
0.135413423,1444
0.152524619,1444.4
0.165086688,1444.8
0.10793007,1445.2
0.181261514,1445.6
